2025-03-21 09:07:18,104 [INFO] Activator:176 - 


2025-03-21 09:07:18,109 [INFO] Activator:177 - !SESSION log4j initialized
2025-03-21 09:07:22,730 [INFO] LogOutputStream:77 - [STDOUT_REDIRECT] 
2025-03-21 09:07:28,233 [INFO] ApplicationProperties:184 - Using Application install path: C:\ST\STM32CubeIDE_1.16.0\STM32CubeIDE\plugins\com.st.stm32cube.common.mx_6.14.0.202502271554
2025-03-21 09:07:28,243 [INFO] DbMcusXml:78 - Set database path to: C:\ST\STM32CubeIDE_1.16.0\STM32CubeIDE\plugins\com.st.stm32cube.common.mx_6.14.0.202502271554\\db\/mcu/
2025-03-21 09:07:28,244 [INFO] ApiDb:274 - Set plugin database path to: C:\ST\STM32CubeIDE_1.16.0\STM32CubeIDE\plugins\com.st.stm32cube.common.mx_6.14.0.202502271554\\db\/plugins/boardmanager/
2025-03-21 09:07:28,244 [WARN] ApiDb:259 - Overriding images path with different value:  => C:\ST\STM32CubeIDE_1.16.0\STM32CubeIDE\plugins\com.st.stm32cube.common.mx_6.14.0.202502271554\\db\/plugins/mcufinder/images/
2025-03-21 09:07:28,248 [INFO] ApiDb:250 - Set database path to: C:\Users\jotto\.stmcufinder\plugins\mcufinder//mcu/
2025-03-21 09:07:28,249 [INFO] DbMcusAds:125 - Set database path to: C:\Users\jotto\.stmcufinder\plugins\mcufinder//mcu/
2025-03-21 09:07:28,250 [INFO] CrossReferenceDbSqlite:203 - Set database path to: C:\Users\jotto\.stmcufinder\plugins\mcufinder//mcu/cs/
2025-03-21 09:07:28,346 [INFO] RulesReader:64 - Compatibility file has been processed (301 Rules)
2025-03-21 09:07:28,403 [INFO] DbMcusXml:78 - Set database path to: C:\ST\STM32CubeIDE_1.16.0\STM32CubeIDE\plugins\com.st.stm32cube.common.mx_6.14.0.202502271554\\db\/mcu/
2025-03-21 09:07:28,404 [INFO] ApiDb:274 - Set plugin database path to: C:\ST\STM32CubeIDE_1.16.0\STM32CubeIDE\plugins\com.st.stm32cube.common.mx_6.14.0.202502271554\\db\/plugins/boardmanager/
2025-03-21 09:07:28,404 [INFO] ApiDb:261 - Set plugin images path to: C:\ST\STM32CubeIDE_1.16.0\STM32CubeIDE\plugins\com.st.stm32cube.common.mx_6.14.0.202502271554\\db\/plugins/mcufinder/images/
2025-03-21 09:07:28,404 [WARN] DbFile:41 - Overriding database path with different value: C:\Users\jotto\.stmcufinder\plugins\mcufinder/ => C:\Users\jotto\.stmcufinder\plugins\mcufinder
2025-03-21 09:07:28,404 [INFO] ApiDb:250 - Set database path to: C:\Users\jotto\.stmcufinder\plugins\mcufinder//mcu/
2025-03-21 09:07:28,404 [WARN] DbFile:41 - Overriding database path with different value: C:\Users\jotto\.stmcufinder\plugins\mcufinder/ => C:\Users\jotto\.stmcufinder\plugins\mcufinder
2025-03-21 09:07:28,404 [INFO] DbMcusAds:125 - Set database path to: C:\Users\jotto\.stmcufinder\plugins\mcufinder//mcu/
2025-03-21 09:07:28,404 [WARN] DbFile:41 - Overriding database path with different value: C:\Users\jotto\.stmcufinder\plugins\mcufinder/ => C:\Users\jotto\.stmcufinder\plugins\mcufinder
2025-03-21 09:07:28,404 [WARN] DbFile:41 - Overriding database path with different value: C:\Users\jotto\.stmcufinder\plugins\mcufinder/ => C:\Users\jotto\.stmcufinder\plugins\mcufinder
2025-03-21 09:07:28,404 [INFO] CrossReferenceDbSqlite:203 - Set database path to: C:\Users\jotto\.stmcufinder\plugins\mcufinder//mcu/cs/
2025-03-21 09:07:28,479 [INFO] MainPanel:272 - HeapMemory: 268435456
2025-03-21 09:07:28,543 [INFO] DbMcusXml:78 - Set database path to: C:\ST\STM32CubeIDE_1.16.0\STM32CubeIDE\plugins\com.st.stm32cube.common.mx_6.14.0.202502271554\\db\/mcu/
2025-03-21 09:07:28,543 [INFO] ApiDb:274 - Set plugin database path to: C:\ST\STM32CubeIDE_1.16.0\STM32CubeIDE\plugins\com.st.stm32cube.common.mx_6.14.0.202502271554\\db\/plugins/boardmanager/
2025-03-21 09:07:28,543 [INFO] ApiDb:261 - Set plugin images path to: C:\ST\STM32CubeIDE_1.16.0\STM32CubeIDE\plugins\com.st.stm32cube.common.mx_6.14.0.202502271554\\db\/plugins/mcufinder/images/
2025-03-21 09:07:28,544 [WARN] DbFile:41 - Overriding database path with different value: C:\Users\jotto\.stmcufinder\plugins\mcufinder/ => C:\Users\jotto\.stmcufinder\plugins\mcufinder
2025-03-21 09:07:28,545 [INFO] ApiDb:250 - Set database path to: C:\Users\jotto\.stmcufinder\plugins\mcufinder//mcu/
2025-03-21 09:07:28,545 [WARN] DbFile:41 - Overriding database path with different value: C:\Users\jotto\.stmcufinder\plugins\mcufinder/ => C:\Users\jotto\.stmcufinder\plugins\mcufinder
2025-03-21 09:07:28,545 [INFO] DbMcusAds:125 - Set database path to: C:\Users\jotto\.stmcufinder\plugins\mcufinder//mcu/
2025-03-21 09:07:28,545 [WARN] DbFile:41 - Overriding database path with different value: C:\Users\jotto\.stmcufinder\plugins\mcufinder/ => C:\Users\jotto\.stmcufinder\plugins\mcufinder
2025-03-21 09:07:28,545 [WARN] DbFile:41 - Overriding database path with different value: C:\Users\jotto\.stmcufinder\plugins\mcufinder/ => C:\Users\jotto\.stmcufinder\plugins\mcufinder
2025-03-21 09:07:28,545 [INFO] CrossReferenceDbSqlite:203 - Set database path to: C:\Users\jotto\.stmcufinder\plugins\mcufinder//mcu/cs/
2025-03-21 09:07:28,559 [INFO] ApplicationProperties:184 - Using Application install path: C:\ST\STM32CubeIDE_1.16.0\STM32CubeIDE\plugins\com.st.stm32cube.common.mx_6.14.0.202502271554
2025-03-21 09:07:28,560 [INFO] PluginManage:196 - Search for loadable plugins [exclusion list=, ]
2025-03-21 09:07:28,560 [INFO] PluginManage:310 - Check plugin analytics
2025-03-21 09:07:33,646 [INFO] AnalyticsPlugin:253 - Accepted Software Licenses: 
2025-03-21 09:07:33,646 [INFO] AnalyticsPlugin:255 - Accepted CMSIS Pack Licenses: 
2025-03-21 09:07:33,646 [INFO] AnalyticsPlugin:257 - Accepted Firmware Licenses: FW.G0.1.6.0
2025-03-21 09:07:33,647 [INFO] PluginManage:359 - Loaded plugin analytics (category:tool,tabindex:-1)
2025-03-21 09:07:33,647 [INFO] PluginManage:310 - Check plugin cadmodel
2025-03-21 09:07:33,652 [INFO] CADModel:105 - Init CAD model plugin
2025-03-21 09:07:33,653 [INFO] PluginManage:359 - Loaded plugin cadmodel (category:power,tabindex:5)
2025-03-21 09:07:33,653 [INFO] PluginManage:310 - Check plugin clock
2025-03-21 09:07:33,664 [INFO] PluginManage:359 - Loaded plugin clock (category:base,tabindex:2)
2025-03-21 09:07:33,664 [INFO] PluginManage:310 - Check plugin ddr
2025-03-21 09:07:33,666 [INFO] PluginManage:359 - Loaded plugin ddr (category:tool,tabindex:6)
2025-03-21 09:07:33,667 [INFO] PluginManage:310 - Check plugin filemanager
2025-03-21 09:07:33,810 [INFO] PluginManage:359 - Loaded plugin filemanager (category:base,tabindex:10)
2025-03-21 09:07:33,810 [INFO] PluginManage:310 - Check plugin ipmanager
2025-03-21 09:07:33,816 [INFO] PluginManage:359 - Loaded plugin ipmanager (category:base,tabindex:5)
2025-03-21 09:07:33,816 [INFO] PluginManage:310 - Check plugin lpbam
2025-03-21 09:07:33,823 [INFO] PluginManage:359 - Loaded plugin lpbam (category:base,tabindex:0)
2025-03-21 09:07:33,823 [INFO] PluginManage:310 - Check plugin memorymap
2025-03-21 09:07:33,835 [INFO] PluginManage:359 - Loaded plugin memorymap (category:base,tabindex:4)
2025-03-21 09:07:33,835 [INFO] PluginManage:310 - Check plugin pinoutandconfiguration
2025-03-21 09:07:33,842 [INFO] PluginManage:359 - Loaded plugin pinoutandconfiguration (category:base,tabindex:1)
2025-03-21 09:07:33,842 [INFO] PluginManage:310 - Check plugin pinoutconfig
2025-03-21 09:07:33,914 [WARN] SupportedApi:132 - Cannot load RTOS API schema: s4s-elt-must-match.1: The content of 'definitions' must match (annotation?, (simpleType | complexType)?, (unique | key | keyref)*)). A problem was found starting at: attribute.
2025-03-21 09:07:34,022 [INFO] PluginManage:359 - Loaded plugin pinoutconfig (category:base,tabindex:0)
2025-03-21 09:07:34,022 [INFO] PluginManage:310 - Check plugin power
2025-03-21 09:07:34,031 [INFO] PluginManage:359 - Loaded plugin power (category:power,tabindex:4)
2025-03-21 09:07:34,031 [INFO] PluginManage:310 - Check plugin projectmanager
2025-03-21 09:07:34,044 [INFO] PluginManage:359 - Loaded plugin projectmanager (category:projectmanager,tabindex:4)
2025-03-21 09:07:34,045 [INFO] PluginManage:310 - Check plugin rif
2025-03-21 09:07:34,051 [INFO] PluginManage:359 - Loaded plugin rif (category:base,tabindex:3)
2025-03-21 09:07:34,051 [INFO] PluginManage:310 - Check plugin thirdparty
2025-03-21 09:07:34,162 [WARN] IntegrityCheckThread:84 - waiting for thirdparty lock release [integrity check]
2025-03-21 09:07:34,162 [INFO] IntegrityCheckThread:86 - entering critical section [integrity check]
2025-03-21 09:07:34,162 [INFO] PluginManage:359 - Loaded plugin thirdparty (category:base,tabindex:-1)
2025-03-21 09:07:34,162 [INFO] PluginManage:310 - Check plugin tools
2025-03-21 09:07:34,162 [INFO] ThirdPartyUpdaterWithRetryManager:70 - Updater plugin not ready yet. [1/15]
2025-03-21 09:07:34,164 [INFO] PluginManage:359 - Loaded plugin tools (category:base,tabindex:7)
2025-03-21 09:07:34,164 [INFO] PluginManage:310 - Check plugin tutovideos
2025-03-21 09:07:34,292 [INFO] PluginManage:359 - Loaded plugin tutovideos (category:base,tabindex:-1)
2025-03-21 09:07:34,292 [INFO] PluginManage:310 - Check plugin updater
2025-03-21 09:07:34,309 [INFO] PluginManage:359 - Loaded plugin updater (category:base,tabindex:12)
2025-03-21 09:07:34,309 [INFO] PluginManage:310 - Check plugin userauth
2025-03-21 09:07:34,313 [INFO] UserAuth:118 - Init User Auth plugin
2025-03-21 09:07:34,314 [INFO] PluginManage:359 - Loaded plugin userauth (category:base,tabindex:14)
2025-03-21 09:07:34,314 [INFO] PluginManage:283 - PluginManage : Loaded plugins [18]
2025-03-21 09:07:34,495 [INFO] PinOutPanel:1589 - setPackage(No Configuration,No Configuration)
2025-03-21 09:07:34,556 [INFO] CADModel:165 - CPN selected for project level
2025-03-21 09:07:34,556 [INFO] CADModel:114 - Register for checkConnection events
2025-03-21 09:07:34,569 [INFO] IPUIPlugin:80 - create IPUIPlugin
2025-03-21 09:07:34,569 [INFO] PluginManager:220 - loadIPPluginJar : add adc
2025-03-21 09:07:34,571 [INFO] IPUIPlugin:80 - create IPUIPlugin
2025-03-21 09:07:34,571 [INFO] PluginManager:220 - loadIPPluginJar : add aes
2025-03-21 09:07:34,574 [INFO] IPUIPlugin:80 - create IPUIPlugin
2025-03-21 09:07:34,574 [INFO] PluginManager:220 - loadIPPluginJar : add can
2025-03-21 09:07:34,575 [INFO] IPUIPlugin:80 - create IPUIPlugin
2025-03-21 09:07:34,576 [INFO] PluginManager:220 - loadIPPluginJar : add comp
2025-03-21 09:07:34,578 [INFO] IPUIPlugin:80 - create IPUIPlugin
2025-03-21 09:07:34,578 [INFO] PluginManager:220 - loadIPPluginJar : add cryp
2025-03-21 09:07:34,580 [INFO] IPUIPlugin:80 - create IPUIPlugin
2025-03-21 09:07:34,580 [INFO] PluginManager:220 - loadIPPluginJar : add ddr_ctrl_phy
2025-03-21 09:07:34,582 [INFO] IPUIPlugin:80 - create IPUIPlugin
2025-03-21 09:07:34,582 [INFO] PluginManager:220 - loadIPPluginJar : add dfsdm
2025-03-21 09:07:34,586 [INFO] IPUIPlugin:80 - create IPUIPlugin
2025-03-21 09:07:34,586 [INFO] PluginManager:220 - loadIPPluginJar : add dma
2025-03-21 09:07:34,589 [INFO] IPUIPlugin:80 - create IPUIPlugin
2025-03-21 09:07:34,589 [INFO] PluginManager:220 - loadIPPluginJar : add dma3
2025-03-21 09:07:34,591 [INFO] IPUIPlugin:80 - create IPUIPlugin
2025-03-21 09:07:34,591 [INFO] PluginManager:220 - loadIPPluginJar : add extmemmanager
2025-03-21 09:07:34,592 [INFO] IPUIPlugin:80 - create IPUIPlugin
2025-03-21 09:07:34,592 [INFO] PluginManager:220 - loadIPPluginJar : add fatfs
2025-03-21 09:07:34,596 [INFO] IPUIPlugin:80 - create IPUIPlugin
2025-03-21 09:07:34,596 [INFO] PluginManager:220 - loadIPPluginJar : add fmc
2025-03-21 09:07:34,600 [INFO] IPUIPlugin:80 - create IPUIPlugin
2025-03-21 09:07:34,600 [INFO] PluginManager:220 - loadIPPluginJar : add freertos
2025-03-21 09:07:34,601 [INFO] IPUIPlugin:80 - create IPUIPlugin
2025-03-21 09:07:34,601 [INFO] PluginManager:220 - loadIPPluginJar : add genericplugin
2025-03-21 09:07:34,603 [INFO] IPUIPlugin:80 - create IPUIPlugin
2025-03-21 09:07:34,603 [INFO] PluginManager:220 - loadIPPluginJar : add gfxmmu
2025-03-21 09:07:34,607 [INFO] IPUIPlugin:80 - create IPUIPlugin
2025-03-21 09:07:34,607 [INFO] PluginManager:220 - loadIPPluginJar : add gic
2025-03-21 09:07:34,611 [INFO] IPUIPlugin:80 - create IPUIPlugin
2025-03-21 09:07:34,611 [INFO] PluginManager:220 - loadIPPluginJar : add gpio
2025-03-21 09:07:34,613 [INFO] IPUIPlugin:80 - create IPUIPlugin
2025-03-21 09:07:34,613 [INFO] PluginManager:220 - loadIPPluginJar : add gtzc
2025-03-21 09:07:34,616 [INFO] IPUIPlugin:80 - create IPUIPlugin
2025-03-21 09:07:34,616 [INFO] PluginManager:220 - loadIPPluginJar : add hash
2025-03-21 09:07:34,618 [INFO] IPUIPlugin:80 - create IPUIPlugin
2025-03-21 09:07:34,618 [INFO] PluginManager:220 - loadIPPluginJar : add i2c
2025-03-21 09:07:34,620 [INFO] IPUIPlugin:80 - create IPUIPlugin
2025-03-21 09:07:34,620 [INFO] PluginManager:220 - loadIPPluginJar : add i2s
2025-03-21 09:07:34,622 [INFO] IPUIPlugin:80 - create IPUIPlugin
2025-03-21 09:07:34,623 [INFO] PluginManager:220 - loadIPPluginJar : add i3c
2025-03-21 09:07:34,625 [INFO] IPUIPlugin:80 - create IPUIPlugin
2025-03-21 09:07:34,625 [INFO] PluginManager:220 - loadIPPluginJar : add ipddr
2025-03-21 09:07:34,632 [INFO] IPUIPlugin:80 - create IPUIPlugin
2025-03-21 09:07:34,632 [INFO] PluginManager:220 - loadIPPluginJar : add linkedlist
2025-03-21 09:07:34,634 [INFO] IPUIPlugin:80 - create IPUIPlugin
2025-03-21 09:07:34,634 [INFO] PluginManager:220 - loadIPPluginJar : add lorawan
2025-03-21 09:07:34,636 [INFO] IPUIPlugin:80 - create IPUIPlugin
2025-03-21 09:07:34,636 [INFO] PluginManager:220 - loadIPPluginJar : add ltdc
2025-03-21 09:07:34,640 [INFO] IPUIPlugin:80 - create IPUIPlugin
2025-03-21 09:07:34,640 [INFO] PluginManager:220 - loadIPPluginJar : add mdma
2025-03-21 09:07:34,643 [INFO] IPUIPlugin:80 - create IPUIPlugin
2025-03-21 09:07:34,643 [INFO] PluginManager:220 - loadIPPluginJar : add nvic
2025-03-21 09:07:34,646 [INFO] IPUIPlugin:80 - create IPUIPlugin
2025-03-21 09:07:34,646 [INFO] PluginManager:220 - loadIPPluginJar : add opamp
2025-03-21 09:07:34,649 [INFO] IPUIPlugin:80 - create IPUIPlugin
2025-03-21 09:07:34,649 [INFO] PluginManager:220 - loadIPPluginJar : add openamp
2025-03-21 09:07:34,651 [INFO] IPUIPlugin:80 - create IPUIPlugin
2025-03-21 09:07:34,651 [INFO] PluginManager:220 - loadIPPluginJar : add pdm2pcm
2025-03-21 09:07:34,656 [INFO] IPUIPlugin:80 - create IPUIPlugin
2025-03-21 09:07:34,658 [INFO] PluginManager:220 - loadIPPluginJar : add plateformsettings
2025-03-21 09:07:34,659 [INFO] IPUIPlugin:80 - create IPUIPlugin
2025-03-21 09:07:34,659 [INFO] PluginManager:220 - loadIPPluginJar : add quadspi
2025-03-21 09:07:34,661 [INFO] IPUIPlugin:80 - create IPUIPlugin
2025-03-21 09:07:34,661 [INFO] PluginManager:220 - loadIPPluginJar : add radio
2025-03-21 09:07:34,664 [INFO] IPUIPlugin:80 - create IPUIPlugin
2025-03-21 09:07:34,664 [INFO] PluginManager:220 - loadIPPluginJar : add resmgrutility
2025-03-21 09:07:34,666 [INFO] IPUIPlugin:80 - create IPUIPlugin
2025-03-21 09:07:34,666 [INFO] PluginManager:220 - loadIPPluginJar : add sai
2025-03-21 09:07:34,668 [INFO] IPUIPlugin:80 - create IPUIPlugin
2025-03-21 09:07:34,668 [INFO] PluginManager:220 - loadIPPluginJar : add spi
2025-03-21 09:07:34,673 [INFO] IPUIPlugin:80 - create IPUIPlugin
2025-03-21 09:07:34,673 [INFO] PluginManager:220 - loadIPPluginJar : add stm32_wpan
2025-03-21 09:07:34,674 [INFO] IPUIPlugin:80 - create IPUIPlugin
2025-03-21 09:07:34,674 [INFO] PluginManager:220 - loadIPPluginJar : add tim
2025-03-21 09:07:34,676 [INFO] IPUIPlugin:80 - create IPUIPlugin
2025-03-21 09:07:34,676 [INFO] PluginManager:220 - loadIPPluginJar : add touchsensing
2025-03-21 09:07:34,678 [INFO] IPUIPlugin:80 - create IPUIPlugin
2025-03-21 09:07:34,678 [INFO] PluginManager:220 - loadIPPluginJar : add tracer_emb
2025-03-21 09:07:34,679 [INFO] IPUIPlugin:80 - create IPUIPlugin
2025-03-21 09:07:34,679 [INFO] PluginManager:220 - loadIPPluginJar : add ts
2025-03-21 09:07:34,680 [INFO] IPUIPlugin:80 - create IPUIPlugin
2025-03-21 09:07:34,680 [INFO] PluginManager:220 - loadIPPluginJar : add tsc
2025-03-21 09:07:34,682 [INFO] IPUIPlugin:80 - create IPUIPlugin
2025-03-21 09:07:34,682 [INFO] PluginManager:220 - loadIPPluginJar : add ucpd
2025-03-21 09:07:34,684 [INFO] IPUIPlugin:80 - create IPUIPlugin
2025-03-21 09:07:34,684 [INFO] PluginManager:220 - loadIPPluginJar : add usart
2025-03-21 09:07:34,686 [INFO] IPUIPlugin:80 - create IPUIPlugin
2025-03-21 09:07:34,686 [INFO] PluginManager:220 - loadIPPluginJar : add usbx
2025-03-21 09:07:34,803 [FATAL] Updater:351 - Updater called before beeing initialized
2025-03-21 09:07:34,837 [INFO] RulesReader:64 - Compatibility file has been processed (301 Rules)
2025-03-21 09:07:34,846 [INFO] RulesReader:64 - Compatibility file has been processed (301 Rules)
2025-03-21 09:07:34,853 [INFO] CADModel:165 - CPN selected for project level
2025-03-21 09:07:34,853 [INFO] CADModel:114 - Register for checkConnection events
2025-03-21 09:07:34,853 [FATAL] Updater:351 - Updater called before beeing initialized
2025-03-21 09:07:34,853 [ERROR] CADModel:125 - Updater not yet initialized, retry later 
2025-03-21 09:07:34,967 [FATAL] Updater:351 - Updater called before beeing initialized
2025-03-21 09:07:34,969 [INFO] CADModel:165 - CPN selected for project level
2025-03-21 09:07:34,969 [INFO] CADModel:114 - Register for checkConnection events
2025-03-21 09:07:34,969 [FATAL] Updater:351 - Updater called before beeing initialized
2025-03-21 09:07:34,969 [ERROR] CADModel:125 - Updater not yet initialized, retry later 
2025-03-21 09:07:34,972 [FATAL] Updater:351 - Updater called before beeing initialized
2025-03-21 09:07:35,058 [FATAL] Updater:351 - Updater called before beeing initialized
2025-03-21 09:07:35,061 [INFO] DbMcusAds:53 - JSON generation date=Thu Mar 06 09:54:21 EST 2025 (1741272861825)
2025-03-21 09:07:35,061 [FATAL] Updater:351 - Updater called before beeing initialized
2025-03-21 09:07:35,111 [WARN] DetailPanel:346 - Failed to get advertising image, set to default
2025-03-21 09:07:35,322 [FATAL] Updater:351 - Updater called before beeing initialized
2025-03-21 09:07:35,323 [FATAL] Updater:351 - Updater called before beeing initialized
2025-03-21 09:07:35,323 [FATAL] Updater:351 - Updater called before beeing initialized
2025-03-21 09:07:35,323 [WARN] DetailPanel:346 - Failed to get advertising image, set to default
2025-03-21 09:07:35,324 [FATAL] Updater:351 - Updater called before beeing initialized
2025-03-21 09:07:35,369 [ERROR] Updater:1198 - MainUpdater not yet initialized. External WinMGr cannot be set.
2025-03-21 09:07:35,371 [INFO] Updater:1134 - Updater Version found : 6.14.0
2025-03-21 09:07:35,386 [INFO] ApplicationProperties:184 - Using Application install path: C:\ST\STM32CubeIDE_1.16.0\STM32CubeIDE\plugins\com.st.stm32cube.common.mx_6.14.0.202502271554
2025-03-21 09:07:36,957 [ERROR] LogOutputStream:75 - [STDERR_REDIRECT] Mar 21, 2025 9:07:36 AM java.util.prefs.WindowsPreferences <init>
2025-03-21 09:07:36,959 [ERROR] LogOutputStream:75 - [STDERR_REDIRECT] WARNING: Could not open/create prefs root node Software\JavaSoft\Prefs at root 0xffffffff80000002. Windows RegCreateKeyEx(...) returned error code 5.
2025-03-21 09:07:36,959 [ERROR] LogOutputStream:75 - [STDERR_REDIRECT] 
2025-03-21 09:07:37,165 [INFO] ThirdPartyUpdaterWithRetryManager:70 - Updater plugin not ready yet. [2/15]
2025-03-21 09:07:37,240 [INFO] MainUpdater:2872 - connection check result : 10
2025-03-21 09:07:37,241 [INFO] MainUpdater:289 - Updater Check For Update Now.
2025-03-21 09:07:37,241 [INFO] MicroXplorer:498 - Change Database Version : DB.6.0.140
2025-03-21 09:07:37,248 [INFO] McuFinderGlobals:63 - Set McuFinder mode to 2 (CubeIDE integrated)
2025-03-21 09:07:37,249 [INFO] UserAuth:486 - Internet connection configuration mode: 1
2025-03-21 09:07:37,273 [INFO] JxBrowserEngine:152 - Initiate JxBrowser Engine with user profile folder
2025-03-21 09:07:37,413 [INFO] CheckServerUpdateThread:120 - End of CheckServer Thread
2025-03-21 09:07:44,171 [WARN] PackLoader:240 - Cannot read IP mode file for STMicroelectronics.FP-SNS-MOTENVWB1.1.4.0
2025-03-21 09:07:44,235 [WARN] PackLoader:240 - Cannot read IP mode file for STMicroelectronics.FP-ATR-ASTRA1.2.0.2
2025-03-21 09:07:44,255 [WARN] PackLoader:240 - Cannot read IP mode file for STMicroelectronics.FP-ATR-ASTRA1.2.0.1
2025-03-21 09:07:44,283 [INFO] WebApp:169 - Instantiating new browser for Auth
2025-03-21 09:07:44,292 [WARN] PackLoader:240 - Cannot read IP mode file for STMicroelectronics.X-CUBE-SMBUS.2.1.0
2025-03-21 09:07:44,308 [WARN] PackLoader:240 - Cannot read IP mode file for STMicroelectronics.X-CUBE-WB05N.1.1.0
2025-03-21 09:07:44,378 [WARN] PackLoader:240 - Cannot read IP mode file for STMicroelectronics.X-CUBE-AZRTOS-F7.1.1.0
2025-03-21 09:07:44,565 [WARN] PackLoader:240 - Cannot read IP mode file for STMicroelectronics.X-CUBE-MEMS1.11.0.0
2025-03-21 09:07:45,244 [WARN] PackLoader:240 - Cannot read IP mode file for STMicroelectronics.FP-SNS-FLIGHT1.5.0.2
2025-03-21 09:07:45,385 [WARN] PackLoader:240 - Cannot read IP mode file for STMicroelectronics.X-CUBE-DISPLAY.3.0.0
2025-03-21 09:07:45,560 [WARN] PackLoader:240 - Cannot read IP mode file for STMicroelectronics.X-CUBE-BLE1.7.0.0
2025-03-21 09:07:45,730 [WARN] PackLoader:240 - Cannot read IP mode file for STMicroelectronics.X-CUBE-NFC10.1.0.0
2025-03-21 09:07:45,933 [WARN] PackLoader:240 - Cannot read IP mode file for STMicroelectronics.X-CUBE-BLEMGR.4.0.0
2025-03-21 09:07:46,069 [WARN] PackLoader:240 - Cannot read IP mode file for STMicroelectronics.X-CUBE-BLEMGR.3.1.0
2025-03-21 09:07:46,159 [WARN] PackLoader:240 - Cannot read IP mode file for STMicroelectronics.X-CUBE-AI.10.0.0
2025-03-21 09:07:46,593 [WARN] PackLoader:240 - Cannot read IP mode file for STMicroelectronics.FP-SNS-SMARTAG2.1.2.0
2025-03-21 09:07:46,759 [WARN] PackLoader:240 - Cannot read IP mode file for STMicroelectronics.FP-SNS-FLIGHT1.5.1.0
2025-03-21 09:07:46,938 [WARN] PackLoader:240 - Cannot read IP mode file for STMicroelectronics.X-CUBE-MEMS1.11.1.0
2025-03-21 09:07:47,147 [INFO] LogOutputStream:77 - [STDOUT_REDIRECT] 1 : Invalid condition id : UX_CORESTACK_Condition cause : null
2025-03-21 09:07:47,148 [INFO] LogOutputStream:77 - [STDOUT_REDIRECT] 1 : Invalid condition id : UX_CORESTACK_Condition cause : null
2025-03-21 09:07:47,150 [INFO] LogOutputStream:77 - [STDOUT_REDIRECT] 1 : Invalid condition id : UX_CORESTACK_Condition cause : null
2025-03-21 09:07:47,151 [INFO] LogOutputStream:77 - [STDOUT_REDIRECT] 1 : Invalid condition id : UX_CORESTACK_Condition cause : null
2025-03-21 09:07:47,152 [INFO] LogOutputStream:77 - [STDOUT_REDIRECT] 1 : Invalid condition id : UX_CORESTACK_Condition cause : null
2025-03-21 09:07:47,153 [WARN] PackLoader:240 - Cannot read IP mode file for STMicroelectronics.X-CUBE-AZRTOS-WL.2.0.0
2025-03-21 09:07:47,264 [WARN] PackLoader:240 - Cannot read IP mode file for STMicroelectronics.FP-SNS-MOTENV1.5.0.0
2025-03-21 09:07:47,310 [WARN] PackLoader:240 - Cannot read IP mode file for wolfSSL.I-CUBE-wolfMQTT.1.19.0
2025-03-21 09:07:47,543 [WARN] PackLoader:240 - Cannot read IP mode file for WES.I-CUBE-Cesium.1.3.0
2025-03-21 09:07:47,673 [WARN] PackLoader:240 - Cannot read IP mode file for STMicroelectronics.X-CUBE-BLE2.3.3.0
2025-03-21 09:07:47,776 [WARN] PackLoader:240 - Cannot read IP mode file for STMicroelectronics.X-CUBE-NFC9.1.0.0
2025-03-21 09:07:47,926 [WARN] PackLoader:240 - Cannot read IP mode file for STMicroelectronics.X-CUBE-BLE1.7.1.0
2025-03-21 09:07:47,983 [WARN] PackLoader:240 - Cannot read IP mode file for STMicroelectronics.X-CUBE-TCPP.4.1.0
2025-03-21 09:07:48,111 [WARN] PackLoader:240 - Cannot read IP mode file for STMicroelectronics.X-CUBE-AZRTOS-G0.1.1.0
2025-03-21 09:07:48,246 [WARN] PackLoader:240 - Cannot read IP mode file for STMicroelectronics.X-CUBE-SAFEA1.1.2.2
2025-03-21 09:07:48,282 [WARN] PackLoader:240 - Cannot read IP mode file for STMicroelectronics.X-CUBE-NFC4.3.0.0
2025-03-21 09:07:48,364 [WARN] PackLoader:240 - Cannot read IP mode file for EmbeddedOffice.I-CUBE-FS-RTOS.1.0.1
2025-03-21 09:07:48,402 [WARN] PackLoader:240 - Cannot read IP mode file for STMicroelectronics.X-CUBE-TCPP.4.2.0
2025-03-21 09:07:48,450 [WARN] PackLoader:240 - Cannot read IP mode file for STMicroelectronics.FP-ATR-SIGFOX1.3.2.0
2025-03-21 09:07:48,491 [WARN] ConditionMgr:438 - getConditionDescription Invalid condition id : Cortex-A Device cause : null
2025-03-21 09:07:49,100 [WARN] ConditionMgr:1044 - genDependencies : Invalid condition id : Cortex-A Device cause : null
2025-03-21 09:07:49,100 [WARN] ConditionMgr:1044 - genDependencies : Invalid condition id : Cortex-A Device cause : null
2025-03-21 09:07:49,101 [WARN] ConditionMgr:1044 - genDependencies : Invalid condition id : Cortex-A Device cause : null
2025-03-21 09:07:49,253 [WARN] PackLoader:240 - Cannot read IP mode file for STMicroelectronics.X-CUBE-EEPRMA1.5.1.0
2025-03-21 09:07:49,400 [WARN] PackLoader:240 - Cannot read IP mode file for SEGGER.I-CUBE-embOS.1.3.1
2025-03-21 09:07:49,457 [WARN] PackLoader:240 - Cannot read IP mode file for STMicroelectronics.X-CUBE-ALGOBUILD.1.4.0
2025-03-21 09:07:49,519 [WARN] PackLoader:240 - Cannot read IP mode file for STMicroelectronics.X-CUBE-AI.9.1.0
2025-03-21 09:07:49,582 [WARN] PackLoader:240 - Cannot read IP mode file for STMicroelectronics.X-CUBE-GNSS1.6.0.0
2025-03-21 09:07:49,693 [WARN] PackLoader:240 - Cannot read IP mode file for STMicroelectronics.X-CUBE-AZRTOS-F4.1.1.0
2025-03-21 09:07:49,752 [WARN] PackLoader:240 - Cannot read IP mode file for STMicroelectronics.X-CUBE-FREERTOS.1.2.0
2025-03-21 09:07:49,870 [WARN] PackLoader:240 - Cannot read IP mode file for STMicroelectronics.X-CUBE-AZRTOS-L5.2.0.0
2025-03-21 09:07:49,971 [WARN] PackLoader:240 - Cannot read IP mode file for STMicroelectronics.X-CUBE-NFC6.3.1.0
2025-03-21 09:07:50,042 [WARN] PackLoader:240 - Cannot read IP mode file for STMicroelectronics.X-CUBE-AI.9.0.0
2025-03-21 09:07:50,053 [WARN] PackLoader:240 - Cannot read IP mode file for STMicroelectronics.X-CUBE-FREERTOS.1.3.0
2025-03-21 09:07:50,058 [WARN] PackLoader:240 - Cannot read IP mode file for STMicroelectronics.X-CUBE-NFC7.1.0.1
2025-03-21 09:07:50,133 [WARN] ConditionMgr:438 - getConditionDescription Invalid condition id : LAN8742 Phy interface Condition cause : null
2025-03-21 09:07:50,139 [WARN] PackLoader:240 - Cannot read IP mode file for STMicroelectronics.X-CUBE-AZRTOS-L4.2.0.0
2025-03-21 09:07:50,142 [WARN] ConditionMgr:1044 - genDependencies : Invalid condition id : LAN8742 Phy interface Condition cause : null
2025-03-21 09:07:50,143 [WARN] ConditionMgr:1044 - genDependencies : Invalid condition id : LAN8742 Phy interface Condition cause : null
2025-03-21 09:07:50,143 [WARN] ConditionMgr:1044 - genDependencies : Invalid condition id : LAN8742 Phy interface Condition cause : null
2025-03-21 09:07:50,173 [WARN] PackLoader:240 - Cannot read IP mode file for STMicroelectronics.X-CUBE-SFXS2LP1.4.0.0
2025-03-21 09:07:50,213 [WARN] PackLoader:240 - Cannot read IP mode file for STMicroelectronics.X-CUBE-IPS.3.0.0
2025-03-21 09:07:50,332 [WARN] ConditionMgr:438 - getConditionDescription Invalid condition id : UX DEVICE CLASS RTOS Condition cause : null
2025-03-21 09:07:50,332 [WARN] ConditionMgr:438 - getConditionDescription Invalid condition id : UX DEVICE CLASS RTOS Condition cause : null
2025-03-21 09:07:50,334 [WARN] PackLoader:240 - Cannot read IP mode file for STMicroelectronics.X-CUBE-AZRTOS-WB.2.0.0
2025-03-21 09:07:50,334 [WARN] ConditionMgr:1044 - genDependencies : Invalid condition id : UX DEVICE CLASS RTOS Condition cause : null
2025-03-21 09:07:50,335 [WARN] ConditionMgr:1044 - genDependencies : Invalid condition id : UX DEVICE CLASS RTOS Condition cause : null
2025-03-21 09:07:50,335 [WARN] ConditionMgr:1044 - genDependencies : Invalid condition id : UX DEVICE CLASS RTOS Condition cause : null
2025-03-21 09:07:50,335 [WARN] ConditionMgr:1044 - genDependencies : Invalid condition id : UX DEVICE CLASS RTOS Condition cause : null
2025-03-21 09:07:50,336 [WARN] ConditionMgr:1044 - genDependencies : Invalid condition id : UX DEVICE CLASS RTOS Condition cause : null
2025-03-21 09:07:50,348 [WARN] PackLoader:240 - Cannot read IP mode file for STMicroelectronics.X-CUBE-GNSS1.7.0.0
2025-03-21 09:07:50,363 [WARN] PackLoader:240 - Cannot read IP mode file for STMicroelectronics.X-CUBE-GNSS1.7.0.1
2025-03-21 09:07:50,370 [WARN] PackLoader:240 - Cannot read IP mode file for STMicroelectronics.X-CUBE-TOUCHGFX.4.25.0
2025-03-21 09:07:50,387 [WARN] PackLoader:240 - Cannot read IP mode file for STMicroelectronics.X-CUBE-SUBG2.5.0.0
2025-03-21 09:07:50,420 [WARN] PackLoader:240 - Cannot read IP mode file for STMicroelectronics.X-CUBE-AZRTOS-H7RS.1.1.0
2025-03-21 09:07:50,468 [WARN] PackLoader:240 - Cannot read IP mode file for Cesanta.I-CUBE-Mongoose.7.13.0
2025-03-21 09:07:50,510 [WARN] PackLoader:240 - Cannot read IP mode file for STMicroelectronics.X-CUBE-AZRTOS-G4.2.0.0
2025-03-21 09:07:50,522 [WARN] PackLoader:240 - Cannot read IP mode file for STMicroelectronics.X-CUBE-ISPU.2.0.0
2025-03-21 09:07:50,531 [WARN] PackLoader:240 - Cannot read IP mode file for STMicroelectronics.X-CUBE-IPS.3.1.0
2025-03-21 09:07:50,538 [WARN] PackLoader:240 - Cannot read IP mode file for STMicroelectronics.X-CUBE-ALS.1.0.2
2025-03-21 09:07:50,542 [WARN] PackLoader:240 - Cannot read IP mode file for STMicroelectronics.X-CUBE-TOUCHGFX.4.24.0
2025-03-21 09:07:50,548 [WARN] PackLoader:240 - Cannot read IP mode file for STMicroelectronics.X-CUBE-TOUCHGFX.4.24.2
2025-03-21 09:07:50,554 [WARN] PackLoader:240 - Cannot read IP mode file for STMicroelectronics.X-CUBE-TOUCHGFX.4.24.1
2025-03-21 09:07:50,565 [WARN] PackLoader:240 - Cannot read IP mode file for portGmbH.I-Cube-SoM-uGOAL.1.1.0
2025-03-21 09:07:50,577 [WARN] PackLoader:240 - Cannot read IP mode file for STMicroelectronics.X-CUBE-AZRTOS-H7RS.1.0.0
2025-03-21 09:07:50,581 [WARN] PackLoader:240 - Cannot read IP mode file for STMicroelectronics.FP-ATR-ASTRA1.2.0.0
2025-03-21 09:07:50,582 [INFO] ThirdParty:978 - Integrity check success = true
2025-03-21 09:07:50,582 [INFO] IntegrityCheckThread:100 - exiting critical section [integrity check]
2025-03-21 09:07:50,582 [INFO] IntegrityCheckThread:103 - End integrity checks thread
2025-03-21 09:07:51,141 [INFO] WebApp:463 - Apply proxy settings
2025-03-21 09:07:51,142 [INFO] WebApp:548 - Chromium requires no authentication
2025-03-21 09:07:51,281 [INFO] WebApp:491 - Direct internet connection detected
2025-03-21 09:07:51,815 [INFO] WebApp:894 - Register for checkConnection events
2025-03-21 09:07:51,815 [INFO] WebApp:463 - Apply proxy settings
2025-03-21 09:07:51,816 [INFO] WebApp:548 - Chromium requires no authentication
2025-03-21 09:07:51,816 [INFO] WebApp:491 - Direct internet connection detected
2025-03-21 09:07:54,494 [INFO] WebApp:191 - Connection restablished
2025-03-21 09:07:56,347 [INFO] WebApp:225 - Starting web application
2025-03-21 09:07:56,348 [INFO] WebApp:593 - Web application path used C:\ST\STM32CubeIDE_1.16.0\STM32CubeIDE\plugins\com.st.stm32cube.common.mx_6.14.0.202502271554\db\plugins\mcufinder\reactClient1\index.html
2025-03-21 09:07:56,706 [INFO] UserAuth:486 - Internet connection configuration mode: 1
2025-03-21 09:41:55,531 [INFO] McuFinderGlobals:63 - Set McuFinder mode to 2 (CubeIDE integrated)
2025-03-21 09:41:55,537 [INFO] MainUpdater:2872 - connection check result : 10
2025-03-21 09:41:55,539 [INFO] MainUpdater:2872 - connection check result : 10
2025-03-21 09:41:55,578 [INFO] MicroXplorer:468 - Change Database Path : 
2025-03-21 09:41:55,579 [INFO] MicroXplorer:498 - Change Database Version : DB.6.0.140
2025-03-21 09:41:55,585 [WARN] ThirdParty:871 - waiting for thirdparty lock release [close project]
2025-03-21 09:41:55,585 [INFO] ThirdParty:873 - entering critical section [close project]
2025-03-21 09:41:55,587 [INFO] ThirdParty:883 - exiting critical section [close project]
2025-03-21 09:41:55,592 [INFO] PinOutPanel:1589 - setPackage(No Configuration,No Configuration)
2025-03-21 09:41:55,599 [INFO] UtilMem:75 - Begin LoadConfig() Used Memory: 717330096 Bytes (857735168)
2025-03-21 09:41:55,601 [INFO] MicroXplorer:468 - Change Database Path : 
2025-03-21 09:41:55,601 [INFO] MicroXplorer:498 - Change Database Version : DB.6.0.140
2025-03-21 09:41:55,601 [INFO] OpenFileManager:354 - Change cursor
2025-03-21 09:41:55,639 [INFO] Mcu:2011 - Initializing MCU STM32F072R(8-B)Tx STM32F072RBTx STM32F072RBT6
2025-03-21 09:41:56,974 [INFO] Context:756 - Trying to add GPIOservice into a context  which must be forbidden
2025-03-21 09:41:57,303 [INFO] ImportTextPane:218 - (OptionalMessage_ERROR) Pin10 (VP_RIF_VS_RIF1) cannot be retrieved for this MCU
2025-03-21 09:41:57,460 [INFO] RtosManager:558 - Registered RTOS mode: class=CMSIS, group=RTOS, mode=CMSIS_V1, owner=FREERTOS
2025-03-21 09:41:57,460 [INFO] RtosManager:558 - Registered RTOS mode: class=CMSIS, group=RTOS2, mode=CMSIS_V2, owner=FREERTOS
2025-03-21 09:41:57,461 [INFO] RtosManager:558 - Registered RTOS mode: class=RTOS, group=Core, mode=CMSIS_V1, owner=FREERTOS
2025-03-21 09:41:57,461 [INFO] RtosManager:558 - Registered RTOS mode: class=RTOS, group=Core, mode=CMSIS_V2, owner=FREERTOS
2025-03-21 09:41:57,461 [WARN] ModelIntegratedComponent:184 - Missing modes for component STMicroelectronics:FreeRTOS:0.0.1:STMicroelectronics:RTOS:FreeRTOS:Core:::10.2.0:
2025-03-21 09:41:57,477 [WARN] ModelIntegratedComponent:63 - No mode defined for component null
2025-03-21 09:41:57,477 [WARN] ModelIntegratedComponent:63 - No mode defined for component null
2025-03-21 09:41:57,477 [WARN] ModelIntegratedComponent:63 - No mode defined for component null
2025-03-21 09:41:57,477 [WARN] ModelIntegratedComponent:63 - No mode defined for component null
2025-03-21 09:41:57,477 [WARN] ModelIntegratedComponent:63 - No mode defined for component null
2025-03-21 09:41:57,477 [WARN] ModelIntegratedComponent:63 - No mode defined for component null
2025-03-21 09:41:57,477 [WARN] ModelIntegratedComponent:63 - No mode defined for component null
2025-03-21 09:41:57,477 [WARN] ModelIntegratedComponent:63 - No mode defined for component null
2025-03-21 09:41:57,477 [WARN] ModelIntegratedComponent:63 - No mode defined for component null
2025-03-21 09:41:57,477 [WARN] ModelIntegratedComponent:63 - No mode defined for component null
2025-03-21 09:41:57,477 [WARN] ModelIntegratedComponent:63 - No mode defined for component null
2025-03-21 09:41:57,478 [WARN] ModelIntegratedComponent:63 - No mode defined for component null
2025-03-21 09:41:57,478 [WARN] ModelIntegratedComponent:63 - No mode defined for component null
2025-03-21 09:41:57,478 [WARN] ModelIntegratedComponent:63 - No mode defined for component null
2025-03-21 09:41:57,478 [WARN] ModelIntegratedComponent:63 - No mode defined for component null
2025-03-21 09:41:57,478 [WARN] ModelIntegratedComponent:63 - No mode defined for component null
2025-03-21 09:41:57,478 [WARN] ModelIntegratedComponent:63 - No mode defined for component null
2025-03-21 09:41:57,478 [WARN] ModelIntegratedComponent:63 - No mode defined for component null
2025-03-21 09:41:57,478 [WARN] ModelIntegratedComponent:63 - No mode defined for component null
2025-03-21 09:41:57,478 [WARN] ModelIntegratedComponent:63 - No mode defined for component null
2025-03-21 09:41:57,478 [WARN] ModelIntegratedComponent:63 - No mode defined for component null
2025-03-21 09:41:57,478 [WARN] ModelIntegratedComponent:63 - No mode defined for component null
2025-03-21 09:41:57,478 [WARN] ModelIntegratedComponent:63 - No mode defined for component null
2025-03-21 09:41:57,478 [WARN] ModelIntegratedComponent:63 - No mode defined for component null
2025-03-21 09:41:57,478 [WARN] ModelIntegratedComponent:63 - No mode defined for component null
2025-03-21 09:41:57,478 [WARN] ModelIntegratedComponent:63 - No mode defined for component null
2025-03-21 09:41:57,479 [WARN] ModelIntegratedComponent:63 - No mode defined for component null
2025-03-21 09:41:57,479 [WARN] ModelIntegratedComponent:63 - No mode defined for component null
2025-03-21 09:41:57,479 [WARN] ModelIntegratedComponent:63 - No mode defined for component null
2025-03-21 09:41:57,479 [WARN] ModelIntegratedComponent:63 - No mode defined for component null
2025-03-21 09:41:57,479 [WARN] ModelIntegratedComponent:63 - No mode defined for component null
2025-03-21 09:41:57,479 [WARN] ModelIntegratedComponent:63 - No mode defined for component null
2025-03-21 09:41:57,479 [WARN] ModelIntegratedComponent:63 - No mode defined for component null
2025-03-21 09:41:57,479 [WARN] ModelIntegratedComponent:63 - No mode defined for component null
2025-03-21 09:41:57,479 [WARN] ModelIntegratedComponent:63 - No mode defined for component null
2025-03-21 09:41:57,479 [WARN] ModelPack:524 - Component already loaded: STMicroelectronics:HAL Drivers:0.0.0:STMicroelectronics:Device:STMicro_Driver:XSPI:HAL::0.0.1:HAL_XSPI
2025-03-21 09:41:57,551 [INFO] ThirdPartyModel:298 - Start build external matchings
2025-03-21 09:41:58,025 [INFO] ThirdPartyModel:316 - End build external matchings
2025-03-21 09:41:58,267 [INFO] ApiDb:581 - Connected to CubeFinder SQLite database (C:\Users\jotto\.stmcufinder\plugins\mcufinder\mcu\cube-finder-db.db)
2025-03-21 09:41:58,354 [INFO] ApiDb:668 - CubeFinder database Data Model version=2.1
2025-03-21 09:41:58,354 [INFO] ApiDb:669 - CubeFinder database Configuration version=3.0.39
2025-03-21 09:41:58,355 [INFO] ApiDb:670 - CubeFinder database generation date=2025-03-07 (1741340029)
2025-03-21 09:41:58,355 [INFO] ApiDb:671 - CubeFinder database FW Pack versions=[FP-ATR-ASTRA1_V2.0.0, FP-SNS-FLIGHT1_V5.0.2, FP-SNS-MOTENV1_V5.0.0, FP-SNS-MOTENVWB1_V1.4.0, FP-SNS-SMARTAG2_V1.2.0, FP-SNS-STBOX1_V2.0.0, STM32Cube_FW_C0_V1.4.0, STM32Cube_FW_F4_V1.28.1, STM32Cube_FW_F7_V1.17.2, STM32Cube_FW_G0_V1.6.2, STM32Cube_FW_G4_V1.6.1, STM32Cube_FW_H5_V1.5.0, STM32Cube_FW_H7RS_V1.2.0, STM32Cube_FW_H7_V1.12.1, STM32Cube_FW_L0_V1.12.2, STM32Cube_FW_L4_V1.18.1, STM32Cube_FW_L5_V1.5.1, STM32Cube_FW_N6_V1.1.0, STM32Cube_FW_U0_V1.2.0, STM32Cube_FW_U3_V1.1.0, STM32Cube_FW_U5_V1.7.0, STM32Cube_FW_WB0_V1.2.0, STM32Cube_FW_WBA_V1.6.0, STM32Cube_FW_WB_V1.22.0, STM32Cube_FW_WL3_V1.1.0, STM32Cube_FW_WL_V1.3.1, X-CUBE-ALGOBUILD_V1.4.0, X-CUBE-ALS_V1.0.2, X-CUBE-AZRTOS-F4_V1.1.0, X-CUBE-AZRTOS-F7_V1.1.0, X-CUBE-AZRTOS-G0_V1.1.0, X-CUBE-AZRTOS-G4_V2.0.0, X-CUBE-AZRTOS-H7RS_V1.0.0, X-CUBE-AZRTOS-H7_V3.3.0, X-CUBE-AZRTOS-L4_V2.0.0, X-CUBE-AZRTOS-L5_V2.0.0, X-CUBE-AZRTOS-WB_V2.0.0, X-CUBE-AZRTOS-WL_V2.0.0, X-CUBE-BLE1_V7.1.0, X-CUBE-BLE2_V3.3.0, X-CUBE-BLEMGR_V4.0.0, X-CUBE-EEPRMA1_V5.1.0, X-CUBE-FREERTOS_V1.3.0, X-CUBE-GNSS1_V6.0.0, X-CUBE-MEMS1_V11.1.0, X-CUBE-NFC4_V3.0.0, X-CUBE-NFC7_V1.0.1, X-CUBE-SFXS2LP1_V4.0.0, X-CUBE-SUBG2_V5.0.0, X-CUBE-TOF1_V3.4.2]
2025-03-21 09:41:58,456 [INFO] DbBoardsSqlite:226 - include board P-NUCLEO-WB55-NUCLEO as a kit item of type 'Nucleo-64'
2025-03-21 09:41:58,456 [INFO] DbBoardsSqlite:226 - include board P-NUCLEO-WB55-USBDONGLE as a kit item of type 'Nucleo USB Dongle'
2025-03-21 09:41:58,458 [INFO] DbBoardsSqlite:226 - include board STEVAL-IDP005V1 as a kit item of type 'Evaluation Board'
2025-03-21 09:41:58,458 [INFO] DbBoardsSqlite:226 - include board STEVAL-IDP005V2 as a kit item of type 'Evaluation Board'
2025-03-21 09:41:58,847 [INFO] ApiDb:240 - Found 895 in-development CPN: [B-G473E-ZEST1S, B-WB1M-WPAN1, B-WBA5M-WPAN, B-WL5M-SUBG1, NUCLEO-C031C6, NUCLEO-C051C8, NUCLEO-C071RB, NUCLEO-C092RC, NUCLEO-H503RB, NUCLEO-H533RE, NUCLEO-H563ZI, NUCLEO-H7S3L8, NUCLEO-N657X0-Q, NUCLEO-U031R8, NUCLEO-U083RC, NUCLEO-U385RG-Q, NUCLEO-U545RE-Q, NUCLEO-U5A5ZJ-Q, NUCLEO-WB05KZ, NUCLEO-WB07CC, NUCLEO-WB09KE, NUCLEO-WBA52CG, NUCLEO-WBA55CG, NUCLEO-WBA65RI, NUCLEO-WL33CC1, NUCLEO-WL33CC2, STEVAL-PROTEUS1, STEVAL-SMARTAG2, STEVAL-STWINBX1, STM320518-EVAL, STM32C0116-DK, STM32C011D6Y3TR, STM32C011D6Y6TR, STM32C011F4P3, STM32C011F4P6, STM32C011F4U3, STM32C011F4U6TR, STM32C011F6P3, STM32C011F6P6, STM32C011F6U3, STM32C011F6U6TR, STM32C011J4M3, STM32C011J4M6, STM32C011J6M3, STM32C011J6M6, STM32C0316-DK, STM32C031C4T3, STM32C031C4T6, STM32C031C4U3, STM32C031C4U6, STM32C031C6T3, STM32C031C6T6, STM32C031C6U3, STM32C031C6U6, STM32C031F4P3, STM32C031F4P6, STM32C031F6P3, STM32C031F6P6, STM32C031G4U3, STM32C031G4U6, STM32C031G6U3, STM32C031G6U6, STM32C031K4T3, STM32C031K4T6, STM32C031K4U3, STM32C031K4U6, STM32C031K6T3, STM32C031K6T6, STM32C031K6U3, STM32C031K6U6, STM32C051C6T6, STM32C051C6U6, STM32C051C8T6, STM32C051C8U6, STM32C051D8Y6TR, STM32C051F6P6, STM32C051F8P6, STM32C051G6U6, STM32C051G8U6, STM32C051K6T6, STM32C051K6U6, STM32C051K8T6, STM32C071C8T6, STM32C071C8T6N, STM32C071C8U6, STM32C071C8U6N, STM32C071CBT6, STM32C071CBT6N, STM32C071CBU6, STM32C071CBU6N, STM32C071F8P6, STM32C071F8P6N, STM32C071FBP6, STM32C071FBP6N, STM32C071FBY6TR, STM32C071G8U6, STM32C071G8U6N, STM32C071GBU6, STM32C071GBU6N, STM32C071K8T6, STM32C071K8T6N, STM32C071K8U6, STM32C071K8U6N, STM32C071KBT6, STM32C071KBT6N, STM32C071KBU6, STM32C071KBU6N, STM32C071R8T6, STM32C071R8T6N, STM32C071RBI6N, STM32C071RBT6, STM32C071RBT6N, STM32C091CBT6, STM32C091CBU6, STM32C091CCT6, STM32C091CCU6, STM32C091ECY6TR, STM32C091FBP6, STM32C091FCP6, STM32C091GBU6, STM32C091GCU6, STM32C091KBT6, STM32C091KBU6, STM32C091KCT6, STM32C091KCU6, STM32C091RBT6, STM32C091RCI6, STM32C091RCT6, STM32C092CBT6, STM32C092CBU6, STM32C092CCT6, STM32C092CCU6, STM32C092ECY6TR, STM32C092FBP6, STM32C092FCP6, STM32C092GBU6, STM32C092GCU6, STM32C092KBT6, STM32C092KBU6, STM32C092KCT6, STM32C092KCU6, STM32C092RBT6, STM32C092RCI6, STM32C092RCT6, STM32G071K8TXN, STM32G071K8UXN, STM32G081GBU6N, STM32G081KBT6N, STM32G081KBUXN, STM32G0B1CCT6N, STM32G0B1KCT6, STM32G0B1NEY6TR, STM32G0B1RCT6N, STM32G0C1CCT6, STM32G0C1CCT6N, STM32G0C1CCU6N, STM32G0C1CET6N, STM32G0C1CEU6N, STM32G0C1KCT6, STM32G0C1NEY6TR, STM32G0C1RCI6N, STM32G0C1RCT6N, STM32G0C1REI6N, STM32G0C1RET6N, STM32G0C1VCI6, STM32G0C1VEI6, STM32G411C6T3, STM32G411C6T6, STM32G411C6U3, STM32G411C6U6, STM32G411C8T3, STM32G411C8T6, STM32G411C8U3, STM32G411C8U6, STM32G411CBT3, STM32G411CBT6, STM32G411CBU3, STM32G411CBU6, STM32G411CCT3, STM32G411CCT6, STM32G411CCU3, STM32G411CCU6, STM32G411K6T3, STM32G411K6T6, STM32G411K6U3, STM32G411K6U6, STM32G411K8T3, STM32G411K8T6, STM32G411K8U3, STM32G411K8U6, STM32G411KBT3, STM32G411KBT6, STM32G411KBU3, STM32G411KBU6, STM32G411M6T3, STM32G411M6T6, STM32G411M8T3, STM32G411M8T6, STM32G411MBT3, STM32G411MBT6, STM32G411MCT3, STM32G411MCT6, STM32G411R6T3, STM32G411R6T6, STM32G411R8T3, STM32G411R8T6, STM32G411RBT3, STM32G411RBT6, STM32G411RCT3, STM32G411RCT6, STM32G414CBT3, STM32G414CBT6, STM32G414CBU3, STM32G414CBU6, STM32G414CCT3, STM32G414CCT6, STM32G414CCU3, STM32G414CCU6, STM32G414MBT3, STM32G414MBT6, STM32G414MCT3, STM32G414MCT6, STM32G414RBT3, STM32G414RBT6, STM32G414RCT3, STM32G414RCT6, STM32G414VBT3, STM32G414VBT6, STM32G414VCT3, STM32G414VCT6, STM32G431CBT3Z, STM32G431RBT3Z, STM32G471CCT6, STM32G471CCU6, STM32G471CET3, STM32G471CET6, STM32G471CEU3, STM32G471CEU6, STM32G471MCT6, STM32G471MET3, STM32G471MET6, STM32G471MEY6TR, STM32G471QCT6, STM32G471QET3, STM32G471RCT6, STM32G471RET3, STM32G471RET6, STM32G471VCH6, STM32G471VCI6, STM32G471VCT6, STM32G471VEH3, STM32G471VEH6, STM32G471VEI3, STM32G471VEI6, STM32G471VET3, STM32G471VET6, STM32G473QET3Z, STM32G473RET3Z, STM32G474CCT6, STM32G491RET3Z, STM32H503CBT6, STM32H503CBU6, STM32H503EBY6TR, STM32H503KBU6, STM32H503RBT6, STM32H523CCT6, STM32H523CCU6, STM32H523CET6, STM32H523CEU6, STM32H523HEY6TR, STM32H523RCT6, STM32H523RET6, STM32H523VCI6, STM32H523VCT6, STM32H523VEI6, STM32H523VET6, STM32H523ZCJ6, STM32H523ZCT6, STM32H523ZEJ6, STM32H523ZET6, STM32H533CET6, STM32H533CEU6, STM32H533HEY6TR, STM32H533RET6, STM32H533VEI6, STM32H533VET6, STM32H533ZEJ6, STM32H533ZET6, STM32H562AGI6, STM32H562AII6, STM32H562IGK6, STM32H562IGT6, STM32H562IIK6, STM32H562IIT6, STM32H562RGT6, STM32H562RGV6, STM32H562RIT6, STM32H562RIV6, STM32H562VGT6, STM32H562VIT6, STM32H562ZGT6, STM32H562ZIT6, STM32H563AGI6, STM32H563AII3Q, STM32H563AII6, STM32H563IGK6, STM32H563IGT6, STM32H563IIK3Q, STM32H563IIK6, STM32H563IIT3Q, STM32H563IIT6, STM32H563MIY3QTR, STM32H563RGT6, STM32H563RGV6, STM32H563RIT6, STM32H563RIV6, STM32H563VGT6, STM32H563VIT3Q, STM32H563VIT6, STM32H563ZGT6, STM32H563ZIT3Q, STM32H563ZIT6, STM32H573AII3Q, STM32H573AII6, STM32H573I-DK, STM32H573IIK3Q, STM32H573IIK6, STM32H573IIT3Q, STM32H573IIT6, STM32H573MIY3QTR, STM32H573RIT6, STM32H573RIV6, STM32H573VIT3Q, STM32H573VIT6, STM32H573ZIT3Q, STM32H573ZIT6, STM32H7R3A8I6, STM32H7R3I8K6, STM32H7R3I8T6, STM32H7R3L8H6, STM32H7R3L8H6H, STM32H7R3R8V6, STM32H7R3V8H6, STM32H7R3V8T6, STM32H7R3V8Y6TR, STM32H7R3Z8J6, STM32H7R3Z8T6, STM32H7R7A8I6, STM32H7R7I8K6, STM32H7R7I8T6, STM32H7R7L8H6, STM32H7R7L8H6H, STM32H7R7Z8J6, STM32H7S3A8I6, STM32H7S3I8K6, STM32H7S3I8T6, STM32H7S3L8H6, STM32H7S3L8H6H, STM32H7S3R8V6, STM32H7S3V8H6, STM32H7S3V8T6, STM32H7S3V8Y6TR, STM32H7S3Z8J6, STM32H7S3Z8T6, STM32H7S78-DK, STM32H7S7A8I6, STM32H7S7I8K6, STM32H7S7I8T6, STM32H7S7L8H6, STM32H7S7L8H6H, STM32H7S7Z8J6, STM32L4R5QGI6STR, STM32MP131AAE3, STM32MP131AAF3, STM32MP131AAG3, STM32MP131CAE3, STM32MP131CAF3, STM32MP131CAG3, STM32MP131DAE7, STM32MP131DAF7, STM32MP131DAG7, STM32MP131FAE7, STM32MP131FAF7, STM32MP131FAG7, STM32MP133AAE3, STM32MP133AAF3, STM32MP133AAG3, STM32MP133CAE3, STM32MP133CAF3, STM32MP133CAG3, STM32MP133DAE7, STM32MP133DAF7, STM32MP133DAG7, STM32MP133FAE7, STM32MP133FAF7, STM32MP133FAG7, STM32MP135AAE3, STM32MP135AAF3, STM32MP135AAG3, STM32MP135CAE3, STM32MP135CAF3, STM32MP135CAG3, STM32MP135DAE7, STM32MP135DAF7, STM32MP135DAG7, STM32MP135F-DK, STM32MP135FAE7, STM32MP135FAF7, STM32MP135FAF7T, STM32MP135FAF7U, STM32MP135FAG7, STM32MP231AAJ3, STM32MP231AAK3, STM32MP231AAL3, STM32MP231CAJ3, STM32MP231CAK3, STM32MP231CAL3, STM32MP231DAJ3, STM32MP231DAK3, STM32MP231DAL3, STM32MP231FAJ3, STM32MP231FAK3, STM32MP231FAL3, STM32MP233AAJ3, STM32MP233AAK3, STM32MP233AAL3, STM32MP233CAJ3, STM32MP233CAK3, STM32MP233CAL3, STM32MP233DAJ3, STM32MP233DAK3, STM32MP233DAL3, STM32MP233FAJ3, STM32MP233FAK3, STM32MP233FAL3, STM32MP235AAJ3, STM32MP235AAK3, STM32MP235AAL3, STM32MP235CAJ3, STM32MP235CAK3, STM32MP235CAL3, STM32MP235DAJ3, STM32MP235DAK3, STM32MP235DAL3, STM32MP235FAJ3, STM32MP235FAK3, STM32MP235FAL3, STM32MP251AAI3, STM32MP251AAJ3, STM32MP251AAK3, STM32MP251AAL3, STM32MP251CAI3, STM32MP251CAJ3, STM32MP251CAK3, STM32MP251CAL3, STM32MP251DAI3, STM32MP251DAJ3, STM32MP251DAK3, STM32MP251DAL3, STM32MP251FAI3, STM32MP251FAJ3, STM32MP251FAK3, STM32MP251FAL3, STM32MP253AAI3, STM32MP253AAJ3, STM32MP253AAK3, STM32MP253AAL3, STM32MP253CAI3, STM32MP253CAJ3, STM32MP253CAK3, STM32MP253CAL3, STM32MP253DAI3, STM32MP253DAJ3, STM32MP253DAK3, STM32MP253DAL3, STM32MP253FAI3, STM32MP253FAJ3, STM32MP253FAK3, STM32MP253FAL3, STM32MP255AAI3, STM32MP255AAJ3, STM32MP255AAK3, STM32MP255AAL3, STM32MP255CAI3, STM32MP255CAJ3, STM32MP255CAK3, STM32MP255CAL3, STM32MP255DAI3, STM32MP255DAJ3, STM32MP255DAK3, STM32MP255DAL3, STM32MP255FAI3, STM32MP255FAJ3, STM32MP255FAK3, STM32MP255FAL3, STM32MP257AAI3, STM32MP257AAJ3, STM32MP257AAK3, STM32MP257AAL3, STM32MP257CAI3, STM32MP257CAJ3, STM32MP257CAK3, STM32MP257CAL3, STM32MP257DAI3, STM32MP257DAJ3, STM32MP257DAK3, STM32MP257DAL3, STM32MP257F-DK, STM32MP257F-EV1, STM32MP257FAI3, STM32MP257FAJ3, STM32MP257FAK3, STM32MP257FAL3, STM32N645A0H3Q, STM32N645B0H3Q, STM32N645I0H3Q, STM32N645L0H3Q, STM32N645X0H3Q, STM32N645Z0H3Q, STM32N647A0H3Q, STM32N647B0H3Q, STM32N647I0H3Q, STM32N647L0H3Q, STM32N647X0H3Q, STM32N647Z0H3Q, STM32N655A0H3Q, STM32N655B0H3Q, STM32N655I0H3Q, STM32N655L0H3Q, STM32N655X0H3Q, STM32N655Z0H3Q, STM32N6570-DK, STM32N657A0H3Q, STM32N657B0H3Q, STM32N657I0H3Q, STM32N657L0H3Q, STM32N657X0H3Q, STM32N657Z0H3Q, STM32U031C6T6, STM32U031C6U6, STM32U031C8T6, STM32U031C8U6, STM32U031F4P6, STM32U031F6P6, STM32U031F8P6, STM32U031G6Y6TR, STM32U031G8Y6TR, STM32U031K4U6, STM32U031K6U6, STM32U031K8U6, STM32U031R6I6, STM32U031R6T6, STM32U031R8I6, STM32U031R8T6, STM32U073C8T6, STM32U073C8U6, STM32U073CBT6, STM32U073CBU6, STM32U073CCT6, STM32U073CCU6, STM32U073H8Y6TR, STM32U073HBY6TR, STM32U073HCY6TR, STM32U073K8U6, STM32U073KBU6, STM32U073KCU6, STM32U073M8I6, STM32U073M8T6, STM32U073MBI6, STM32U073MBT6, STM32U073MCI6, STM32U073MCT6, STM32U073R8I6, STM32U073R8T6, STM32U073RBI6, STM32U073RBT6, STM32U073RCI6, STM32U073RCT6, STM32U083C-DK, STM32U083CCT6, STM32U083CCU6, STM32U083HCY6TR, STM32U083KCU6, STM32U083MCI6, STM32U083MCT6, STM32U083RCI6, STM32U083RCT6, STM32U375CET6, STM32U375CET6Q, STM32U375CEU6, STM32U375CEU6Q, STM32U375CEY6QTR, STM32U375CGT6, STM32U375CGT6Q, STM32U375CGU6, STM32U375CGU6Q, STM32U375CGY6QTR, STM32U375KEU6, STM32U375KGU6, STM32U375REI6, STM32U375REI6Q, STM32U375RET6, STM32U375RET6Q, STM32U375REY6GTR, STM32U375REY6QTR, STM32U375RGI6, STM32U375RGI6Q, STM32U375RGT6, STM32U375RGT6Q, STM32U375RGY6GTR, STM32U375RGY6QTR, STM32U375VEI6, STM32U375VEI6Q, STM32U375VET6, STM32U375VET6Q, STM32U375VGI6, STM32U375VGI6Q, STM32U375VGT6, STM32U375VGT6Q, STM32U385CGT6, STM32U385CGT6Q, STM32U385CGU6, STM32U385CGU6Q, STM32U385CGY6QTR, STM32U385KGU6, STM32U385RGI6, STM32U385RGI6Q, STM32U385RGT6, STM32U385RGT6Q, STM32U385RGY6GTR, STM32U385RGY6QTR, STM32U385VGI6, STM32U385VGI6Q, STM32U385VGT6, STM32U385VGT6Q, STM32U535CBT6, STM32U535CBT6Q, STM32U535CBU6, STM32U535CBU6Q, STM32U535CCT6, STM32U535CCT6Q, STM32U535CCU6, STM32U535CCU6Q, STM32U535CET6, STM32U535CET6Q, STM32U535CEU6, STM32U535CEU6Q, STM32U535JEY6QTR, STM32U535NCY6QTR, STM32U535NEY6QTR, STM32U535RBI6, STM32U535RBI6Q, STM32U535RBT6, STM32U535RBT6Q, STM32U535RCI6, STM32U535RCI6Q, STM32U535RCT6, STM32U535RCT6Q, STM32U535REI6, STM32U535REI6Q, STM32U535RET6, STM32U535RET6Q, STM32U535VCI6, STM32U535VCI6Q, STM32U535VCT6, STM32U535VCT6Q, STM32U535VEI6, STM32U535VEI6Q, STM32U535VET6, STM32U535VET6Q, STM32U545CET6, STM32U545CET6Q, STM32U545CEU6, STM32U545CEU6Q, STM32U545JEY6QTR, STM32U545NEY6QTR, STM32U545REI6, STM32U545REI6Q, STM32U545RET6, STM32U545RET6Q, STM32U545VEI6, STM32U545VEI6Q, STM32U545VET6, STM32U545VET6Q, STM32U595AIH6, STM32U595AIH6Q, STM32U595AJH6, STM32U595AJH6Q, STM32U595QII6, STM32U595QII6Q, STM32U595QJI6, STM32U595QJI6Q, STM32U595RIT6, STM32U595RIT6Q, STM32U595RJT6, STM32U595RJT6Q, STM32U595VIT6, STM32U595VIT6Q, STM32U595VJT6, STM32U595VJT6Q, STM32U595ZIT6, STM32U595ZIT6Q, STM32U595ZIY6QTR, STM32U595ZJT6, STM32U595ZJT6Q, STM32U595ZJY6QTR, STM32U599BJY6QTR, STM32U599NIH6Q, STM32U599NJH6Q, STM32U599VIT6Q, STM32U599VJT6, STM32U599VJT6Q, STM32U599ZIT6Q, STM32U599ZIY6QTR, STM32U599ZJT6Q, STM32U599ZJY6QTR, STM32U5A5AJH6, STM32U5A5AJH6Q, STM32U5A5QII3Q , STM32U5A5QJI6, STM32U5A5QJI6Q, STM32U5A5RJT6, STM32U5A5RJT6Q, STM32U5A5VJT6, STM32U5A5VJT6Q, STM32U5A5ZJT6, STM32U5A5ZJT6Q, STM32U5A5ZJY6QTR, STM32U5A9BJY6QTR, STM32U5A9J-DK, STM32U5A9NJH6Q, STM32U5A9VJT6Q, STM32U5A9ZJT6Q, STM32U5A9ZJY6QTR, STM32U5F7VIT6, STM32U5F7VIT6Q, STM32U5F7VJT6, STM32U5F7VJT6Q, STM32U5F9BJY6QTR, STM32U5F9NJH6Q, STM32U5F9VIT6Q, STM32U5F9VJT6Q, STM32U5F9ZIJ6QTR, STM32U5F9ZIT6Q, STM32U5F9ZJJ6QTR, STM32U5F9ZJT6Q, STM32U5G7VJT6, STM32U5G7VJT6Q, STM32U5G9BJY6QTR, STM32U5G9J-DK1, STM32U5G9J-DK2, STM32U5G9NJH6Q, STM32U5G9VJT6Q, STM32U5G9ZJJ6QTR, STM32U5G9ZJT6Q, STM32WB05KZV6TR, STM32WB05KZV7TR, STM32WB05TZF6TR, STM32WB05TZF7TR, STM32WB06CCF6TR, STM32WB06CCF7TR, STM32WB06CCV6TR, STM32WB06CCV7TR, STM32WB06KCV6TR, STM32WB06KCV7TR, STM32WB07CCF6TR, STM32WB07CCF7TR, STM32WB07CCV6TR, STM32WB07CCV7TR, STM32WB07KCV6TR, STM32WB07KCV7TR, STM32WB09KEV6TR, STM32WB09KEV7TR, STM32WB09TEF6TR, STM32WB09TEF7TR, STM32WB1MMCH6, STM32WBA50KGU6, STM32WBA50KGU6TR, STM32WBA52CEU6, STM32WBA52CEU6TR, STM32WBA52CEU7, STM32WBA52CEU7TR, STM32WBA52CGU6, STM32WBA52CGU6TR, STM32WBA52CGU6U, STM32WBA52CGU7, STM32WBA52CGU7TR, STM32WBA52KEU6, STM32WBA52KEU6TR, STM32WBA52KGU6, STM32WBA52KGU6TR, STM32WBA54CEU6, STM32WBA54CEU6TR, STM32WBA54CEU7, STM32WBA54CEU7TR, STM32WBA54CGU6, STM32WBA54CGU6TR, STM32WBA54CGU7, STM32WBA54CGU7TR, STM32WBA54KEU6, STM32WBA54KEU6TR, STM32WBA54KEU7, STM32WBA54KEU7TR, STM32WBA54KGU6, STM32WBA54KGU6TR, STM32WBA54KGU7, STM32WBA54KGU7TR, STM32WBA55CEU6, STM32WBA55CEU6TR, STM32WBA55CEU7, STM32WBA55CEU7TR, STM32WBA55CGU6, STM32WBA55CGU6TR, STM32WBA55CGU6U, STM32WBA55CGU7, STM32WBA55CGU7TR, STM32WBA55G-DK1, STM32WBA55HEF6, STM32WBA55HEF7, STM32WBA55HGF6, STM32WBA55HGF7, STM32WBA55UEI6, STM32WBA55UEI6TR, STM32WBA55UEI7, STM32WBA55UEI7TR, STM32WBA55UGI6, STM32WBA55UGI6TR, STM32WBA55UGI7, STM32WBA55UGI7TR, STM32WBA5MJGH6TR, STM32WBA62CGU6, STM32WBA62CIU6, STM32WBA62MGF6, STM32WBA62MIF6, STM32WBA62PGI6, STM32WBA62PII6, STM32WBA63CGU6, STM32WBA63CGU7, STM32WBA63CIU6, STM32WBA63CIU7, STM32WBA64CGU6, STM32WBA64CGU7, STM32WBA64CIU6, STM32WBA64CIU7, STM32WBA65CGU6, STM32WBA65CGU7, STM32WBA65CIU6, STM32WBA65CIU7, STM32WBA65I-DK1, STM32WBA65MGF6, STM32WBA65MGF7, STM32WBA65MIF6, STM32WBA65MIF7, STM32WBA65PGI6, STM32WBA65PGI7, STM32WBA65PII6, STM32WBA65PII7, STM32WBA65RGV6, STM32WBA65RGV7, STM32WBA65RIV6, STM32WBA65RIV7, STM32WL30K8V6, STM32WL30KBV6, STM32WL31C8V6, STM32WL31CBV6, STM32WL31K8V6, STM32WL31KBV6, STM32WL33C8V6, STM32WL33C8V6TR, STM32WL33C8V7, STM32WL33C8V7TR, STM32WL33CBV6, STM32WL33CBV6TR, STM32WL33CBV7, STM32WL33CBV7TR, STM32WL33CCV6, STM32WL33CCV6TR, STM32WL33CCV7, STM32WL33CCV7A, STM32WL33CCV7ATR, STM32WL33CCV7TR, STM32WL33K8V6, STM32WL33K8V6TR, STM32WL33K8V7, STM32WL33K8V7TR, STM32WL33KBV6, STM32WL33KBV6TR, STM32WL33KBV7, STM32WL33KBV7TR, STM32WL33KCV6, STM32WL33KCV6TR, STM32WL33KCV7, STM32WL33KCV7TR, STM32WL5MOCH6, STM32WL5MOCH6TR]
2025-03-21 09:41:59,085 [INFO] BoardInfo:889 - No configuration file found for board P-NUCLEO-WB55
2025-03-21 09:41:59,086 [INFO] DbBoards:161 - Kit is not supported: P-NUCLEO-WB55
2025-03-21 09:41:59,093 [INFO] BoardInfo:889 - No configuration file found for board STEVAL-BFA001V1B
2025-03-21 09:41:59,095 [INFO] DbBoards:161 - Kit is not supported: STEVAL-BFA001V1B
2025-03-21 09:41:59,096 [INFO] BoardInfo:889 - No configuration file found for board STEVAL-BFA001V2B
2025-03-21 09:41:59,097 [INFO] DbBoards:161 - Kit is not supported: STEVAL-BFA001V2B
2025-03-21 09:41:59,332 [INFO] DbBoards:168 - Found 211 boards, 208 are supported
2025-03-21 09:41:59,332 [INFO] DbBoards:169 - Found 211 boards, 43 of them is supported for  Bsp
2025-03-21 09:41:59,337 [INFO] ApiDb:668 - CubeFinder database Data Model version=2.1
2025-03-21 09:41:59,337 [INFO] ApiDb:669 - CubeFinder database Configuration version=3.0.39
2025-03-21 09:41:59,338 [INFO] ApiDb:670 - CubeFinder database generation date=2025-03-07 (1741340029)
2025-03-21 09:41:59,338 [INFO] ApiDb:671 - CubeFinder database FW Pack versions=[FP-ATR-ASTRA1_V2.0.0, FP-SNS-FLIGHT1_V5.0.2, FP-SNS-MOTENV1_V5.0.0, FP-SNS-MOTENVWB1_V1.4.0, FP-SNS-SMARTAG2_V1.2.0, FP-SNS-STBOX1_V2.0.0, STM32Cube_FW_C0_V1.4.0, STM32Cube_FW_F4_V1.28.1, STM32Cube_FW_F7_V1.17.2, STM32Cube_FW_G0_V1.6.2, STM32Cube_FW_G4_V1.6.1, STM32Cube_FW_H5_V1.5.0, STM32Cube_FW_H7RS_V1.2.0, STM32Cube_FW_H7_V1.12.1, STM32Cube_FW_L0_V1.12.2, STM32Cube_FW_L4_V1.18.1, STM32Cube_FW_L5_V1.5.1, STM32Cube_FW_N6_V1.1.0, STM32Cube_FW_U0_V1.2.0, STM32Cube_FW_U3_V1.1.0, STM32Cube_FW_U5_V1.7.0, STM32Cube_FW_WB0_V1.2.0, STM32Cube_FW_WBA_V1.6.0, STM32Cube_FW_WB_V1.22.0, STM32Cube_FW_WL3_V1.1.0, STM32Cube_FW_WL_V1.3.1, X-CUBE-ALGOBUILD_V1.4.0, X-CUBE-ALS_V1.0.2, X-CUBE-AZRTOS-F4_V1.1.0, X-CUBE-AZRTOS-F7_V1.1.0, X-CUBE-AZRTOS-G0_V1.1.0, X-CUBE-AZRTOS-G4_V2.0.0, X-CUBE-AZRTOS-H7RS_V1.0.0, X-CUBE-AZRTOS-H7_V3.3.0, X-CUBE-AZRTOS-L4_V2.0.0, X-CUBE-AZRTOS-L5_V2.0.0, X-CUBE-AZRTOS-WB_V2.0.0, X-CUBE-AZRTOS-WL_V2.0.0, X-CUBE-BLE1_V7.1.0, X-CUBE-BLE2_V3.3.0, X-CUBE-BLEMGR_V4.0.0, X-CUBE-EEPRMA1_V5.1.0, X-CUBE-FREERTOS_V1.3.0, X-CUBE-GNSS1_V6.0.0, X-CUBE-MEMS1_V11.1.0, X-CUBE-NFC4_V3.0.0, X-CUBE-NFC7_V1.0.1, X-CUBE-SFXS2LP1_V4.0.0, X-CUBE-SUBG2_V5.0.0, X-CUBE-TOF1_V3.4.2]
2025-03-21 09:42:01,330 [INFO] ApiDb:240 - Found 895 in-development CPN: [B-G473E-ZEST1S, B-WB1M-WPAN1, B-WBA5M-WPAN, B-WL5M-SUBG1, NUCLEO-C031C6, NUCLEO-C051C8, NUCLEO-C071RB, NUCLEO-C092RC, NUCLEO-H503RB, NUCLEO-H533RE, NUCLEO-H563ZI, NUCLEO-H7S3L8, NUCLEO-N657X0-Q, NUCLEO-U031R8, NUCLEO-U083RC, NUCLEO-U385RG-Q, NUCLEO-U545RE-Q, NUCLEO-U5A5ZJ-Q, NUCLEO-WB05KZ, NUCLEO-WB07CC, NUCLEO-WB09KE, NUCLEO-WBA52CG, NUCLEO-WBA55CG, NUCLEO-WBA65RI, NUCLEO-WL33CC1, NUCLEO-WL33CC2, STEVAL-PROTEUS1, STEVAL-SMARTAG2, STEVAL-STWINBX1, STM320518-EVAL, STM32C0116-DK, STM32C011D6Y3TR, STM32C011D6Y6TR, STM32C011F4P3, STM32C011F4P6, STM32C011F4U3, STM32C011F4U6TR, STM32C011F6P3, STM32C011F6P6, STM32C011F6U3, STM32C011F6U6TR, STM32C011J4M3, STM32C011J4M6, STM32C011J6M3, STM32C011J6M6, STM32C0316-DK, STM32C031C4T3, STM32C031C4T6, STM32C031C4U3, STM32C031C4U6, STM32C031C6T3, STM32C031C6T6, STM32C031C6U3, STM32C031C6U6, STM32C031F4P3, STM32C031F4P6, STM32C031F6P3, STM32C031F6P6, STM32C031G4U3, STM32C031G4U6, STM32C031G6U3, STM32C031G6U6, STM32C031K4T3, STM32C031K4T6, STM32C031K4U3, STM32C031K4U6, STM32C031K6T3, STM32C031K6T6, STM32C031K6U3, STM32C031K6U6, STM32C051C6T6, STM32C051C6U6, STM32C051C8T6, STM32C051C8U6, STM32C051D8Y6TR, STM32C051F6P6, STM32C051F8P6, STM32C051G6U6, STM32C051G8U6, STM32C051K6T6, STM32C051K6U6, STM32C051K8T6, STM32C071C8T6, STM32C071C8T6N, STM32C071C8U6, STM32C071C8U6N, STM32C071CBT6, STM32C071CBT6N, STM32C071CBU6, STM32C071CBU6N, STM32C071F8P6, STM32C071F8P6N, STM32C071FBP6, STM32C071FBP6N, STM32C071FBY6TR, STM32C071G8U6, STM32C071G8U6N, STM32C071GBU6, STM32C071GBU6N, STM32C071K8T6, STM32C071K8T6N, STM32C071K8U6, STM32C071K8U6N, STM32C071KBT6, STM32C071KBT6N, STM32C071KBU6, STM32C071KBU6N, STM32C071R8T6, STM32C071R8T6N, STM32C071RBI6N, STM32C071RBT6, STM32C071RBT6N, STM32C091CBT6, STM32C091CBU6, STM32C091CCT6, STM32C091CCU6, STM32C091ECY6TR, STM32C091FBP6, STM32C091FCP6, STM32C091GBU6, STM32C091GCU6, STM32C091KBT6, STM32C091KBU6, STM32C091KCT6, STM32C091KCU6, STM32C091RBT6, STM32C091RCI6, STM32C091RCT6, STM32C092CBT6, STM32C092CBU6, STM32C092CCT6, STM32C092CCU6, STM32C092ECY6TR, STM32C092FBP6, STM32C092FCP6, STM32C092GBU6, STM32C092GCU6, STM32C092KBT6, STM32C092KBU6, STM32C092KCT6, STM32C092KCU6, STM32C092RBT6, STM32C092RCI6, STM32C092RCT6, STM32G071K8TXN, STM32G071K8UXN, STM32G081GBU6N, STM32G081KBT6N, STM32G081KBUXN, STM32G0B1CCT6N, STM32G0B1KCT6, STM32G0B1NEY6TR, STM32G0B1RCT6N, STM32G0C1CCT6, STM32G0C1CCT6N, STM32G0C1CCU6N, STM32G0C1CET6N, STM32G0C1CEU6N, STM32G0C1KCT6, STM32G0C1NEY6TR, STM32G0C1RCI6N, STM32G0C1RCT6N, STM32G0C1REI6N, STM32G0C1RET6N, STM32G0C1VCI6, STM32G0C1VEI6, STM32G411C6T3, STM32G411C6T6, STM32G411C6U3, STM32G411C6U6, STM32G411C8T3, STM32G411C8T6, STM32G411C8U3, STM32G411C8U6, STM32G411CBT3, STM32G411CBT6, STM32G411CBU3, STM32G411CBU6, STM32G411CCT3, STM32G411CCT6, STM32G411CCU3, STM32G411CCU6, STM32G411K6T3, STM32G411K6T6, STM32G411K6U3, STM32G411K6U6, STM32G411K8T3, STM32G411K8T6, STM32G411K8U3, STM32G411K8U6, STM32G411KBT3, STM32G411KBT6, STM32G411KBU3, STM32G411KBU6, STM32G411M6T3, STM32G411M6T6, STM32G411M8T3, STM32G411M8T6, STM32G411MBT3, STM32G411MBT6, STM32G411MCT3, STM32G411MCT6, STM32G411R6T3, STM32G411R6T6, STM32G411R8T3, STM32G411R8T6, STM32G411RBT3, STM32G411RBT6, STM32G411RCT3, STM32G411RCT6, STM32G414CBT3, STM32G414CBT6, STM32G414CBU3, STM32G414CBU6, STM32G414CCT3, STM32G414CCT6, STM32G414CCU3, STM32G414CCU6, STM32G414MBT3, STM32G414MBT6, STM32G414MCT3, STM32G414MCT6, STM32G414RBT3, STM32G414RBT6, STM32G414RCT3, STM32G414RCT6, STM32G414VBT3, STM32G414VBT6, STM32G414VCT3, STM32G414VCT6, STM32G431CBT3Z, STM32G431RBT3Z, STM32G471CCT6, STM32G471CCU6, STM32G471CET3, STM32G471CET6, STM32G471CEU3, STM32G471CEU6, STM32G471MCT6, STM32G471MET3, STM32G471MET6, STM32G471MEY6TR, STM32G471QCT6, STM32G471QET3, STM32G471RCT6, STM32G471RET3, STM32G471RET6, STM32G471VCH6, STM32G471VCI6, STM32G471VCT6, STM32G471VEH3, STM32G471VEH6, STM32G471VEI3, STM32G471VEI6, STM32G471VET3, STM32G471VET6, STM32G473QET3Z, STM32G473RET3Z, STM32G474CCT6, STM32G491RET3Z, STM32H503CBT6, STM32H503CBU6, STM32H503EBY6TR, STM32H503KBU6, STM32H503RBT6, STM32H523CCT6, STM32H523CCU6, STM32H523CET6, STM32H523CEU6, STM32H523HEY6TR, STM32H523RCT6, STM32H523RET6, STM32H523VCI6, STM32H523VCT6, STM32H523VEI6, STM32H523VET6, STM32H523ZCJ6, STM32H523ZCT6, STM32H523ZEJ6, STM32H523ZET6, STM32H533CET6, STM32H533CEU6, STM32H533HEY6TR, STM32H533RET6, STM32H533VEI6, STM32H533VET6, STM32H533ZEJ6, STM32H533ZET6, STM32H562AGI6, STM32H562AII6, STM32H562IGK6, STM32H562IGT6, STM32H562IIK6, STM32H562IIT6, STM32H562RGT6, STM32H562RGV6, STM32H562RIT6, STM32H562RIV6, STM32H562VGT6, STM32H562VIT6, STM32H562ZGT6, STM32H562ZIT6, STM32H563AGI6, STM32H563AII3Q, STM32H563AII6, STM32H563IGK6, STM32H563IGT6, STM32H563IIK3Q, STM32H563IIK6, STM32H563IIT3Q, STM32H563IIT6, STM32H563MIY3QTR, STM32H563RGT6, STM32H563RGV6, STM32H563RIT6, STM32H563RIV6, STM32H563VGT6, STM32H563VIT3Q, STM32H563VIT6, STM32H563ZGT6, STM32H563ZIT3Q, STM32H563ZIT6, STM32H573AII3Q, STM32H573AII6, STM32H573I-DK, STM32H573IIK3Q, STM32H573IIK6, STM32H573IIT3Q, STM32H573IIT6, STM32H573MIY3QTR, STM32H573RIT6, STM32H573RIV6, STM32H573VIT3Q, STM32H573VIT6, STM32H573ZIT3Q, STM32H573ZIT6, STM32H7R3A8I6, STM32H7R3I8K6, STM32H7R3I8T6, STM32H7R3L8H6, STM32H7R3L8H6H, STM32H7R3R8V6, STM32H7R3V8H6, STM32H7R3V8T6, STM32H7R3V8Y6TR, STM32H7R3Z8J6, STM32H7R3Z8T6, STM32H7R7A8I6, STM32H7R7I8K6, STM32H7R7I8T6, STM32H7R7L8H6, STM32H7R7L8H6H, STM32H7R7Z8J6, STM32H7S3A8I6, STM32H7S3I8K6, STM32H7S3I8T6, STM32H7S3L8H6, STM32H7S3L8H6H, STM32H7S3R8V6, STM32H7S3V8H6, STM32H7S3V8T6, STM32H7S3V8Y6TR, STM32H7S3Z8J6, STM32H7S3Z8T6, STM32H7S78-DK, STM32H7S7A8I6, STM32H7S7I8K6, STM32H7S7I8T6, STM32H7S7L8H6, STM32H7S7L8H6H, STM32H7S7Z8J6, STM32L4R5QGI6STR, STM32MP131AAE3, STM32MP131AAF3, STM32MP131AAG3, STM32MP131CAE3, STM32MP131CAF3, STM32MP131CAG3, STM32MP131DAE7, STM32MP131DAF7, STM32MP131DAG7, STM32MP131FAE7, STM32MP131FAF7, STM32MP131FAG7, STM32MP133AAE3, STM32MP133AAF3, STM32MP133AAG3, STM32MP133CAE3, STM32MP133CAF3, STM32MP133CAG3, STM32MP133DAE7, STM32MP133DAF7, STM32MP133DAG7, STM32MP133FAE7, STM32MP133FAF7, STM32MP133FAG7, STM32MP135AAE3, STM32MP135AAF3, STM32MP135AAG3, STM32MP135CAE3, STM32MP135CAF3, STM32MP135CAG3, STM32MP135DAE7, STM32MP135DAF7, STM32MP135DAG7, STM32MP135F-DK, STM32MP135FAE7, STM32MP135FAF7, STM32MP135FAF7T, STM32MP135FAF7U, STM32MP135FAG7, STM32MP231AAJ3, STM32MP231AAK3, STM32MP231AAL3, STM32MP231CAJ3, STM32MP231CAK3, STM32MP231CAL3, STM32MP231DAJ3, STM32MP231DAK3, STM32MP231DAL3, STM32MP231FAJ3, STM32MP231FAK3, STM32MP231FAL3, STM32MP233AAJ3, STM32MP233AAK3, STM32MP233AAL3, STM32MP233CAJ3, STM32MP233CAK3, STM32MP233CAL3, STM32MP233DAJ3, STM32MP233DAK3, STM32MP233DAL3, STM32MP233FAJ3, STM32MP233FAK3, STM32MP233FAL3, STM32MP235AAJ3, STM32MP235AAK3, STM32MP235AAL3, STM32MP235CAJ3, STM32MP235CAK3, STM32MP235CAL3, STM32MP235DAJ3, STM32MP235DAK3, STM32MP235DAL3, STM32MP235FAJ3, STM32MP235FAK3, STM32MP235FAL3, STM32MP251AAI3, STM32MP251AAJ3, STM32MP251AAK3, STM32MP251AAL3, STM32MP251CAI3, STM32MP251CAJ3, STM32MP251CAK3, STM32MP251CAL3, STM32MP251DAI3, STM32MP251DAJ3, STM32MP251DAK3, STM32MP251DAL3, STM32MP251FAI3, STM32MP251FAJ3, STM32MP251FAK3, STM32MP251FAL3, STM32MP253AAI3, STM32MP253AAJ3, STM32MP253AAK3, STM32MP253AAL3, STM32MP253CAI3, STM32MP253CAJ3, STM32MP253CAK3, STM32MP253CAL3, STM32MP253DAI3, STM32MP253DAJ3, STM32MP253DAK3, STM32MP253DAL3, STM32MP253FAI3, STM32MP253FAJ3, STM32MP253FAK3, STM32MP253FAL3, STM32MP255AAI3, STM32MP255AAJ3, STM32MP255AAK3, STM32MP255AAL3, STM32MP255CAI3, STM32MP255CAJ3, STM32MP255CAK3, STM32MP255CAL3, STM32MP255DAI3, STM32MP255DAJ3, STM32MP255DAK3, STM32MP255DAL3, STM32MP255FAI3, STM32MP255FAJ3, STM32MP255FAK3, STM32MP255FAL3, STM32MP257AAI3, STM32MP257AAJ3, STM32MP257AAK3, STM32MP257AAL3, STM32MP257CAI3, STM32MP257CAJ3, STM32MP257CAK3, STM32MP257CAL3, STM32MP257DAI3, STM32MP257DAJ3, STM32MP257DAK3, STM32MP257DAL3, STM32MP257F-DK, STM32MP257F-EV1, STM32MP257FAI3, STM32MP257FAJ3, STM32MP257FAK3, STM32MP257FAL3, STM32N645A0H3Q, STM32N645B0H3Q, STM32N645I0H3Q, STM32N645L0H3Q, STM32N645X0H3Q, STM32N645Z0H3Q, STM32N647A0H3Q, STM32N647B0H3Q, STM32N647I0H3Q, STM32N647L0H3Q, STM32N647X0H3Q, STM32N647Z0H3Q, STM32N655A0H3Q, STM32N655B0H3Q, STM32N655I0H3Q, STM32N655L0H3Q, STM32N655X0H3Q, STM32N655Z0H3Q, STM32N6570-DK, STM32N657A0H3Q, STM32N657B0H3Q, STM32N657I0H3Q, STM32N657L0H3Q, STM32N657X0H3Q, STM32N657Z0H3Q, STM32U031C6T6, STM32U031C6U6, STM32U031C8T6, STM32U031C8U6, STM32U031F4P6, STM32U031F6P6, STM32U031F8P6, STM32U031G6Y6TR, STM32U031G8Y6TR, STM32U031K4U6, STM32U031K6U6, STM32U031K8U6, STM32U031R6I6, STM32U031R6T6, STM32U031R8I6, STM32U031R8T6, STM32U073C8T6, STM32U073C8U6, STM32U073CBT6, STM32U073CBU6, STM32U073CCT6, STM32U073CCU6, STM32U073H8Y6TR, STM32U073HBY6TR, STM32U073HCY6TR, STM32U073K8U6, STM32U073KBU6, STM32U073KCU6, STM32U073M8I6, STM32U073M8T6, STM32U073MBI6, STM32U073MBT6, STM32U073MCI6, STM32U073MCT6, STM32U073R8I6, STM32U073R8T6, STM32U073RBI6, STM32U073RBT6, STM32U073RCI6, STM32U073RCT6, STM32U083C-DK, STM32U083CCT6, STM32U083CCU6, STM32U083HCY6TR, STM32U083KCU6, STM32U083MCI6, STM32U083MCT6, STM32U083RCI6, STM32U083RCT6, STM32U375CET6, STM32U375CET6Q, STM32U375CEU6, STM32U375CEU6Q, STM32U375CEY6QTR, STM32U375CGT6, STM32U375CGT6Q, STM32U375CGU6, STM32U375CGU6Q, STM32U375CGY6QTR, STM32U375KEU6, STM32U375KGU6, STM32U375REI6, STM32U375REI6Q, STM32U375RET6, STM32U375RET6Q, STM32U375REY6GTR, STM32U375REY6QTR, STM32U375RGI6, STM32U375RGI6Q, STM32U375RGT6, STM32U375RGT6Q, STM32U375RGY6GTR, STM32U375RGY6QTR, STM32U375VEI6, STM32U375VEI6Q, STM32U375VET6, STM32U375VET6Q, STM32U375VGI6, STM32U375VGI6Q, STM32U375VGT6, STM32U375VGT6Q, STM32U385CGT6, STM32U385CGT6Q, STM32U385CGU6, STM32U385CGU6Q, STM32U385CGY6QTR, STM32U385KGU6, STM32U385RGI6, STM32U385RGI6Q, STM32U385RGT6, STM32U385RGT6Q, STM32U385RGY6GTR, STM32U385RGY6QTR, STM32U385VGI6, STM32U385VGI6Q, STM32U385VGT6, STM32U385VGT6Q, STM32U535CBT6, STM32U535CBT6Q, STM32U535CBU6, STM32U535CBU6Q, STM32U535CCT6, STM32U535CCT6Q, STM32U535CCU6, STM32U535CCU6Q, STM32U535CET6, STM32U535CET6Q, STM32U535CEU6, STM32U535CEU6Q, STM32U535JEY6QTR, STM32U535NCY6QTR, STM32U535NEY6QTR, STM32U535RBI6, STM32U535RBI6Q, STM32U535RBT6, STM32U535RBT6Q, STM32U535RCI6, STM32U535RCI6Q, STM32U535RCT6, STM32U535RCT6Q, STM32U535REI6, STM32U535REI6Q, STM32U535RET6, STM32U535RET6Q, STM32U535VCI6, STM32U535VCI6Q, STM32U535VCT6, STM32U535VCT6Q, STM32U535VEI6, STM32U535VEI6Q, STM32U535VET6, STM32U535VET6Q, STM32U545CET6, STM32U545CET6Q, STM32U545CEU6, STM32U545CEU6Q, STM32U545JEY6QTR, STM32U545NEY6QTR, STM32U545REI6, STM32U545REI6Q, STM32U545RET6, STM32U545RET6Q, STM32U545VEI6, STM32U545VEI6Q, STM32U545VET6, STM32U545VET6Q, STM32U595AIH6, STM32U595AIH6Q, STM32U595AJH6, STM32U595AJH6Q, STM32U595QII6, STM32U595QII6Q, STM32U595QJI6, STM32U595QJI6Q, STM32U595RIT6, STM32U595RIT6Q, STM32U595RJT6, STM32U595RJT6Q, STM32U595VIT6, STM32U595VIT6Q, STM32U595VJT6, STM32U595VJT6Q, STM32U595ZIT6, STM32U595ZIT6Q, STM32U595ZIY6QTR, STM32U595ZJT6, STM32U595ZJT6Q, STM32U595ZJY6QTR, STM32U599BJY6QTR, STM32U599NIH6Q, STM32U599NJH6Q, STM32U599VIT6Q, STM32U599VJT6, STM32U599VJT6Q, STM32U599ZIT6Q, STM32U599ZIY6QTR, STM32U599ZJT6Q, STM32U599ZJY6QTR, STM32U5A5AJH6, STM32U5A5AJH6Q, STM32U5A5QII3Q , STM32U5A5QJI6, STM32U5A5QJI6Q, STM32U5A5RJT6, STM32U5A5RJT6Q, STM32U5A5VJT6, STM32U5A5VJT6Q, STM32U5A5ZJT6, STM32U5A5ZJT6Q, STM32U5A5ZJY6QTR, STM32U5A9BJY6QTR, STM32U5A9J-DK, STM32U5A9NJH6Q, STM32U5A9VJT6Q, STM32U5A9ZJT6Q, STM32U5A9ZJY6QTR, STM32U5F7VIT6, STM32U5F7VIT6Q, STM32U5F7VJT6, STM32U5F7VJT6Q, STM32U5F9BJY6QTR, STM32U5F9NJH6Q, STM32U5F9VIT6Q, STM32U5F9VJT6Q, STM32U5F9ZIJ6QTR, STM32U5F9ZIT6Q, STM32U5F9ZJJ6QTR, STM32U5F9ZJT6Q, STM32U5G7VJT6, STM32U5G7VJT6Q, STM32U5G9BJY6QTR, STM32U5G9J-DK1, STM32U5G9J-DK2, STM32U5G9NJH6Q, STM32U5G9VJT6Q, STM32U5G9ZJJ6QTR, STM32U5G9ZJT6Q, STM32WB05KZV6TR, STM32WB05KZV7TR, STM32WB05TZF6TR, STM32WB05TZF7TR, STM32WB06CCF6TR, STM32WB06CCF7TR, STM32WB06CCV6TR, STM32WB06CCV7TR, STM32WB06KCV6TR, STM32WB06KCV7TR, STM32WB07CCF6TR, STM32WB07CCF7TR, STM32WB07CCV6TR, STM32WB07CCV7TR, STM32WB07KCV6TR, STM32WB07KCV7TR, STM32WB09KEV6TR, STM32WB09KEV7TR, STM32WB09TEF6TR, STM32WB09TEF7TR, STM32WB1MMCH6, STM32WBA50KGU6, STM32WBA50KGU6TR, STM32WBA52CEU6, STM32WBA52CEU6TR, STM32WBA52CEU7, STM32WBA52CEU7TR, STM32WBA52CGU6, STM32WBA52CGU6TR, STM32WBA52CGU6U, STM32WBA52CGU7, STM32WBA52CGU7TR, STM32WBA52KEU6, STM32WBA52KEU6TR, STM32WBA52KGU6, STM32WBA52KGU6TR, STM32WBA54CEU6, STM32WBA54CEU6TR, STM32WBA54CEU7, STM32WBA54CEU7TR, STM32WBA54CGU6, STM32WBA54CGU6TR, STM32WBA54CGU7, STM32WBA54CGU7TR, STM32WBA54KEU6, STM32WBA54KEU6TR, STM32WBA54KEU7, STM32WBA54KEU7TR, STM32WBA54KGU6, STM32WBA54KGU6TR, STM32WBA54KGU7, STM32WBA54KGU7TR, STM32WBA55CEU6, STM32WBA55CEU6TR, STM32WBA55CEU7, STM32WBA55CEU7TR, STM32WBA55CGU6, STM32WBA55CGU6TR, STM32WBA55CGU6U, STM32WBA55CGU7, STM32WBA55CGU7TR, STM32WBA55G-DK1, STM32WBA55HEF6, STM32WBA55HEF7, STM32WBA55HGF6, STM32WBA55HGF7, STM32WBA55UEI6, STM32WBA55UEI6TR, STM32WBA55UEI7, STM32WBA55UEI7TR, STM32WBA55UGI6, STM32WBA55UGI6TR, STM32WBA55UGI7, STM32WBA55UGI7TR, STM32WBA5MJGH6TR, STM32WBA62CGU6, STM32WBA62CIU6, STM32WBA62MGF6, STM32WBA62MIF6, STM32WBA62PGI6, STM32WBA62PII6, STM32WBA63CGU6, STM32WBA63CGU7, STM32WBA63CIU6, STM32WBA63CIU7, STM32WBA64CGU6, STM32WBA64CGU7, STM32WBA64CIU6, STM32WBA64CIU7, STM32WBA65CGU6, STM32WBA65CGU7, STM32WBA65CIU6, STM32WBA65CIU7, STM32WBA65I-DK1, STM32WBA65MGF6, STM32WBA65MGF7, STM32WBA65MIF6, STM32WBA65MIF7, STM32WBA65PGI6, STM32WBA65PGI7, STM32WBA65PII6, STM32WBA65PII7, STM32WBA65RGV6, STM32WBA65RGV7, STM32WBA65RIV6, STM32WBA65RIV7, STM32WL30K8V6, STM32WL30KBV6, STM32WL31C8V6, STM32WL31CBV6, STM32WL31K8V6, STM32WL31KBV6, STM32WL33C8V6, STM32WL33C8V6TR, STM32WL33C8V7, STM32WL33C8V7TR, STM32WL33CBV6, STM32WL33CBV6TR, STM32WL33CBV7, STM32WL33CBV7TR, STM32WL33CCV6, STM32WL33CCV6TR, STM32WL33CCV7, STM32WL33CCV7A, STM32WL33CCV7ATR, STM32WL33CCV7TR, STM32WL33K8V6, STM32WL33K8V6TR, STM32WL33K8V7, STM32WL33K8V7TR, STM32WL33KBV6, STM32WL33KBV6TR, STM32WL33KBV7, STM32WL33KBV7TR, STM32WL33KCV6, STM32WL33KCV6TR, STM32WL33KCV7, STM32WL33KCV7TR, STM32WL5MOCH6, STM32WL5MOCH6TR]
2025-03-21 09:42:01,334 [INFO] DbMcus:218 - Found 4682 MCUs, 4682 are supported
2025-03-21 09:42:01,335 [INFO] ApiDb:423 - Load user favorites file C:\Users\jotto/.stm32cubeide/favorites.mcus.txt: 2 item(s)
2025-03-21 09:42:01,335 [INFO] ApiDb:427 - User favorites MCUs=[STM32F072RBT6, STM32G0B0RET6]
2025-03-21 09:42:01,335 [INFO] DbMcus:224 - Set 2 / 2 favorites MCUs
2025-03-21 09:42:01,695 [INFO] ApiDb:423 - Load user favorites file C:\Users\jotto/.stm32cubeide/favorites.boards.txt: 1 item(s)
2025-03-21 09:42:01,696 [INFO] ApiDb:427 - User favorites Boards=[NUCLEO-F072RB]
2025-03-21 09:42:01,696 [INFO] DbBoards:198 - Set 1 / 1 favorites Boards
2025-03-21 09:42:01,760 [INFO] UtilMem:75 - End LoadConfig() Used Memory: 676489832 Bytes (1073741824)
2025-03-21 09:42:01,893 [WARN] ThirdParty:833 - waiting for thirdparty lock release [change project]
2025-03-21 09:42:01,893 [INFO] ThirdParty:835 - entering critical section [change project]
2025-03-21 09:42:01,893 [INFO] ThirdParty:1030 - CMSIS Pack Vendor :STMicroelectronics USBPD 4.1
2025-03-21 09:42:01,893 [INFO] ThirdParty:1030 - CMSIS Pack Vendor :STMicroelectronics X-CUBE-NFC9 1.0.0
2025-03-21 09:42:01,893 [INFO] ThirdParty:1030 - CMSIS Pack Vendor :STMicroelectronics X-CUBE-GNSS1 6.0.0
2025-03-21 09:42:01,893 [INFO] ThirdParty:1030 - CMSIS Pack Vendor :STMicroelectronics USB_HOST 2.0.0
2025-03-21 09:42:01,893 [INFO] ThirdParty:1030 - CMSIS Pack Vendor :STMicroelectronics FP-SNS-MOTENVWB1 1.4.0
2025-03-21 09:42:01,894 [INFO] ThirdParty:1030 - CMSIS Pack Vendor :STMicroelectronics X-CUBE-AZRTOS-F4 1.1.0
2025-03-21 09:42:01,894 [INFO] ThirdParty:1030 - CMSIS Pack Vendor :STMicroelectronics LIBJPEG 8.0.0
2025-03-21 09:42:01,894 [INFO] ThirdParty:1030 - CMSIS Pack Vendor :STMicroelectronics FP-ATR-ASTRA1 2.0.2
2025-03-21 09:42:01,894 [INFO] ThirdParty:1030 - CMSIS Pack Vendor :STMicroelectronics FP-ATR-ASTRA1 2.0.1
2025-03-21 09:42:01,894 [INFO] ThirdParty:1030 - CMSIS Pack Vendor :STMicroelectronics X-CUBE-BLE1 7.1.0
2025-03-21 09:42:01,894 [INFO] ThirdParty:1030 - CMSIS Pack Vendor :STMicroelectronics X-CUBE-SMBUS 2.1.0
2025-03-21 09:42:01,894 [INFO] ThirdParty:1030 - CMSIS Pack Vendor :STMicroelectronics X-CUBE-WB05N 1.1.0
2025-03-21 09:42:01,894 [INFO] ThirdParty:1030 - CMSIS Pack Vendor :STMicroelectronics USB_DEVICE 3.0.0
2025-03-21 09:42:01,894 [INFO] ThirdParty:1030 - CMSIS Pack Vendor :STMicroelectronics X-CUBE-TCPP 4.1.0
2025-03-21 09:42:01,894 [INFO] ThirdParty:1030 - CMSIS Pack Vendor :STMicroelectronics X-CUBE-FREERTOS 1.2.0
2025-03-21 09:42:01,894 [INFO] ThirdParty:1030 - CMSIS Pack Vendor :STMicroelectronics X-CUBE-IPS 3.0.0
2025-03-21 09:42:01,894 [INFO] ThirdParty:1030 - CMSIS Pack Vendor :STMicroelectronics X-CUBE-AZRTOS-WB 2.0.0
2025-03-21 09:42:01,894 [INFO] ThirdParty:1030 - CMSIS Pack Vendor :STMicroelectronics X-CUBE-GNSS1 7.0.0
2025-03-21 09:42:01,894 [INFO] ThirdParty:1030 - CMSIS Pack Vendor :STMicroelectronics X-CUBE-GNSS1 7.0.1
2025-03-21 09:42:01,894 [INFO] ThirdParty:1030 - CMSIS Pack Vendor :STMicroelectronics X-CUBE-AZRTOS-F7 1.1.0
2025-03-21 09:42:01,894 [INFO] ThirdParty:1030 - CMSIS Pack Vendor :STMicroelectronics X-CUBE-AZRTOS-L5 2.0.0
2025-03-21 09:42:01,894 [INFO] ThirdParty:1030 - CMSIS Pack Vendor :STMicroelectronics X-CUBE-TOUCHGFX 4.25.0
2025-03-21 09:42:01,894 [INFO] ThirdParty:1030 - CMSIS Pack Vendor :STMicroelectronics USB_DEVICE 2.0.0
2025-03-21 09:42:01,894 [INFO] ThirdParty:1030 - CMSIS Pack Vendor :STMicroelectronics X-CUBE-NFC6 3.1.0
2025-03-21 09:42:01,894 [INFO] ThirdParty:1030 - CMSIS Pack Vendor :STMicroelectronics X-CUBE-MEMS1 11.0.0
2025-03-21 09:42:01,894 [INFO] ThirdParty:1030 - CMSIS Pack Vendor :STMicroelectronics FreeRTOS 0.0.1
2025-03-21 09:42:01,894 [INFO] ThirdParty:1030 - CMSIS Pack Vendor :STMicroelectronics X-CUBE-AZRTOS-G0 1.1.0
2025-03-21 09:42:01,894 [INFO] ThirdParty:1030 - CMSIS Pack Vendor :STMicroelectronics X-CUBE-SAFEA1 1.2.2
2025-03-21 09:42:01,895 [INFO] ThirdParty:1030 - CMSIS Pack Vendor :STMicroelectronics X-CUBE-NFC4 3.0.0
2025-03-21 09:42:01,895 [INFO] ThirdParty:1030 - CMSIS Pack Vendor :STMicroelectronics X-CUBE-SUBG2 5.0.0
2025-03-21 09:42:01,895 [INFO] ThirdParty:1030 - CMSIS Pack Vendor :STMicroelectronics X-CUBE-AZRTOS-H7RS 1.1.0
2025-03-21 09:42:01,895 [INFO] ThirdParty:1030 - CMSIS Pack Vendor :STMicroelectronics STM32_WPAN 1.0.0
2025-03-21 09:42:01,895 [INFO] ThirdParty:1030 - CMSIS Pack Vendor :EmbeddedOffice I-CUBE-FS-RTOS 1.0.1
2025-03-21 09:42:01,895 [INFO] ThirdParty:1030 - CMSIS Pack Vendor :STMicroelectronics lwIP 2.0.3
2025-03-21 09:42:01,895 [INFO] ThirdParty:1030 - CMSIS Pack Vendor :STMicroelectronics FP-SNS-FLIGHT1 5.0.2
2025-03-21 09:42:01,895 [INFO] ThirdParty:1030 - CMSIS Pack Vendor :Cesanta I-CUBE-Mongoose 7.13.0
2025-03-21 09:42:01,895 [INFO] ThirdParty:1030 - CMSIS Pack Vendor :STMicroelectronics USB_HOST 1.0.0
2025-03-21 09:42:01,895 [INFO] ThirdParty:1030 - CMSIS Pack Vendor :STMicroelectronics X-CUBE-AI 9.0.0
2025-03-21 09:42:01,895 [INFO] ThirdParty:1030 - CMSIS Pack Vendor :STMicroelectronics X-CUBE-AZRTOS-G4 2.0.0
2025-03-21 09:42:01,895 [INFO] ThirdParty:1030 - CMSIS Pack Vendor :STMicroelectronics PDM2PCM 3.1.0
2025-03-21 09:42:01,895 [INFO] ThirdParty:1030 - CMSIS Pack Vendor :STMicroelectronics PDM2PCM 3.3.0
2025-03-21 09:42:01,895 [INFO] ThirdParty:1030 - CMSIS Pack Vendor :STMicroelectronics X-CUBE-DISPLAY 3.0.0
2025-03-21 09:42:01,895 [INFO] ThirdParty:1030 - CMSIS Pack Vendor :STMicroelectronics X-CUBE-TCPP 4.2.0
2025-03-21 09:42:01,895 [INFO] ThirdParty:1030 - CMSIS Pack Vendor :STMicroelectronics X-CUBE-BLE1 7.0.0
2025-03-21 09:42:01,895 [INFO] ThirdParty:1030 - CMSIS Pack Vendor :STMicroelectronics FP-ATR-SIGFOX1 3.2.0
2025-03-21 09:42:01,895 [INFO] ThirdParty:1030 - CMSIS Pack Vendor :STMicroelectronics X-CUBE-NFC10 1.0.0
2025-03-21 09:42:01,895 [INFO] ThirdParty:1030 - CMSIS Pack Vendor :quantropi X-CUBE-qispace-sdk-base 1.9.3
2025-03-21 09:42:01,895 [INFO] ThirdParty:1030 - CMSIS Pack Vendor :STMicroelectronics X-CUBE-ISPU 2.0.0
2025-03-21 09:42:01,895 [INFO] ThirdParty:1030 - CMSIS Pack Vendor :STMicroelectronics X-CUBE-BLEMGR 4.0.0
2025-03-21 09:42:01,895 [INFO] ThirdParty:1030 - CMSIS Pack Vendor :STMicroelectronics X-CUBE-EEPRMA1 5.1.0
2025-03-21 09:42:01,895 [INFO] ThirdParty:1030 - CMSIS Pack Vendor :STMicroelectronics HAL Drivers 0.0.0
2025-03-21 09:42:01,895 [INFO] ThirdParty:1030 - CMSIS Pack Vendor :STMicroelectronics MBEDTLS 2.16.2
2025-03-21 09:42:01,896 [INFO] ThirdParty:1030 - CMSIS Pack Vendor :STMicroelectronics X-CUBE-IPS 3.1.0
2025-03-21 09:42:01,896 [INFO] ThirdParty:1030 - CMSIS Pack Vendor :STMicroelectronics X-CUBE-ALS 1.0.2
2025-03-21 09:42:01,896 [INFO] ThirdParty:1030 - CMSIS Pack Vendor :STMicroelectronics X-CUBE-FREERTOS 1.3.0
2025-03-21 09:42:01,896 [INFO] ThirdParty:1030 - CMSIS Pack Vendor :STMicroelectronics X-CUBE-NFC7 1.0.1
2025-03-21 09:42:01,896 [INFO] ThirdParty:1030 - CMSIS Pack Vendor :STMicroelectronics MBEDTLS 2.14.1
2025-03-21 09:42:01,896 [INFO] ThirdParty:1030 - CMSIS Pack Vendor :STMicroelectronics X-CUBE-TOUCHGFX 4.24.0
2025-03-21 09:42:01,896 [INFO] ThirdParty:1030 - CMSIS Pack Vendor :STMicroelectronics X-CUBE-TOUCHGFX 4.24.2
2025-03-21 09:42:01,896 [INFO] ThirdParty:1030 - CMSIS Pack Vendor :STMicroelectronics X-CUBE-TOUCHGFX 4.24.1
2025-03-21 09:42:01,896 [INFO] ThirdParty:1030 - CMSIS Pack Vendor :portGmbH I-Cube-SoM-uGOAL 1.1.0
2025-03-21 09:42:01,896 [INFO] ThirdParty:1030 - CMSIS Pack Vendor :STMicroelectronics X-CUBE-BLEMGR 3.1.0
2025-03-21 09:42:01,896 [INFO] ThirdParty:1030 - CMSIS Pack Vendor :STMicroelectronics X-CUBE-AI 10.0.0
2025-03-21 09:42:01,896 [INFO] ThirdParty:1030 - CMSIS Pack Vendor :STMicroelectronics ThreadX 1.0.0
2025-03-21 09:42:01,896 [INFO] ThirdParty:1030 - CMSIS Pack Vendor :STMicroelectronics FP-SNS-SMARTAG2 1.2.0
2025-03-21 09:42:01,896 [INFO] ThirdParty:1030 - CMSIS Pack Vendor :STMicroelectronics FP-SNS-FLIGHT1 5.1.0
2025-03-21 09:42:01,896 [INFO] ThirdParty:1030 - CMSIS Pack Vendor :STMicroelectronics X-CUBE-MEMS1 11.1.0
2025-03-21 09:42:01,896 [INFO] ThirdParty:1030 - CMSIS Pack Vendor :STMicroelectronics X-CUBE-AZRTOS-WL 2.0.0
2025-03-21 09:42:01,896 [INFO] ThirdParty:1030 - CMSIS Pack Vendor :SEGGER I-CUBE-embOS 1.3.1
2025-03-21 09:42:01,896 [INFO] ThirdParty:1030 - CMSIS Pack Vendor :STMicroelectronics X-CUBE-ALGOBUILD 1.4.0
2025-03-21 09:42:01,896 [INFO] ThirdParty:1030 - CMSIS Pack Vendor :STMicroelectronics FP-SNS-MOTENV1 5.0.0
2025-03-21 09:42:01,896 [INFO] ThirdParty:1030 - CMSIS Pack Vendor :STMicroelectronics USB_DEVICE 1.0.0
2025-03-21 09:42:01,896 [INFO] ThirdParty:1030 - CMSIS Pack Vendor :STMicroelectronics X-CUBE-AZRTOS-H7RS 1.0.0
2025-03-21 09:42:01,896 [INFO] ThirdParty:1030 - CMSIS Pack Vendor :wolfSSL I-CUBE-wolfMQTT 1.19.0
2025-03-21 09:42:01,896 [INFO] ThirdParty:1030 - CMSIS Pack Vendor :STMicroelectronics X-CUBE-AZRTOS-L4 2.0.0
2025-03-21 09:42:01,897 [INFO] ThirdParty:1030 - CMSIS Pack Vendor :STMicroelectronics ThreadX 0.0.2
2025-03-21 09:42:01,897 [INFO] ThirdParty:1030 - CMSIS Pack Vendor :WES I-CUBE-Cesium 1.3.0
2025-03-21 09:42:01,897 [INFO] ThirdParty:1030 - CMSIS Pack Vendor :STMicroelectronics FP-ATR-ASTRA1 2.0.0
2025-03-21 09:42:01,897 [INFO] ThirdParty:1030 - CMSIS Pack Vendor :STMicroelectronics lwIP 2.1.2
2025-03-21 09:42:01,897 [INFO] ThirdParty:1030 - CMSIS Pack Vendor :STMicroelectronics X-CUBE-SFXS2LP1 4.0.0
2025-03-21 09:42:01,897 [INFO] ThirdParty:1030 - CMSIS Pack Vendor :STMicroelectronics X-CUBE-BLE2 3.3.0
2025-03-21 09:42:01,897 [INFO] ThirdParty:1030 - CMSIS Pack Vendor :STMicroelectronics X-CUBE-AI 9.1.0
2025-03-21 09:42:01,897 [INFO] ThirdParty:1030 - CMSIS Pack Vendor :STMicroelectronics PDM2PCM 3.2.0
2025-03-21 09:42:01,897 [INFO] ThirdParty:841 - exiting critical section [change project]
2025-03-21 09:42:02,267 [INFO] PinOutPanel:1589 - setPackage(No Configuration,No Configuration)
2025-03-21 09:42:02,268 [INFO] PinOutPanel:1589 - setPackage(STM32F072RBTx,LQFP64)
2025-03-21 09:42:03,025 [INFO] UtilMem:75 - Before build in PCC Used Memory: 426640504 Bytes (1052770304)
2025-03-21 09:42:03,640 [INFO] UtilMem:75 - After build in PCC Used Memory: 514858120 Bytes (1052770304)
2025-03-21 09:42:03,667 [INFO] IPUIPlugin:80 - create IPUIPlugin
2025-03-21 09:42:03,667 [INFO] IPUIPlugin:80 - create IPUIPlugin
2025-03-21 09:42:03,667 [INFO] IPUIPlugin:80 - create IPUIPlugin
2025-03-21 09:42:03,667 [INFO] IPUIPlugin:80 - create IPUIPlugin
2025-03-21 09:42:03,668 [INFO] IPUIPlugin:80 - create IPUIPlugin
2025-03-21 09:42:03,668 [INFO] IPUIPlugin:80 - create IPUIPlugin
2025-03-21 09:42:03,668 [INFO] IPUIPlugin:80 - create IPUIPlugin
2025-03-21 09:42:03,668 [INFO] IPUIPlugin:80 - create IPUIPlugin
2025-03-21 09:42:03,668 [INFO] IPUIPlugin:80 - create IPUIPlugin
2025-03-21 09:42:03,668 [INFO] IPUIPlugin:80 - create IPUIPlugin
2025-03-21 09:42:03,668 [INFO] IPUIPlugin:80 - create IPUIPlugin
2025-03-21 09:42:03,668 [INFO] IPUIPlugin:80 - create IPUIPlugin
2025-03-21 09:42:03,669 [INFO] IPUIPlugin:80 - create IPUIPlugin
2025-03-21 09:42:03,669 [INFO] IPUIPlugin:80 - create IPUIPlugin
2025-03-21 09:42:03,669 [INFO] IPUIPlugin:80 - create IPUIPlugin
2025-03-21 09:42:03,669 [INFO] IPUIPlugin:80 - create IPUIPlugin
2025-03-21 09:42:03,669 [INFO] IPUIPlugin:80 - create IPUIPlugin
2025-03-21 09:42:03,669 [INFO] IPUIPlugin:80 - create IPUIPlugin
2025-03-21 09:42:03,669 [INFO] IPUIPlugin:80 - create IPUIPlugin
2025-03-21 09:42:03,670 [INFO] IPUIPlugin:80 - create IPUIPlugin
2025-03-21 09:42:03,670 [INFO] IPUIPlugin:80 - create IPUIPlugin
2025-03-21 09:42:03,670 [INFO] IPUIPlugin:80 - create IPUIPlugin
2025-03-21 09:42:03,670 [INFO] IPUIPlugin:80 - create IPUIPlugin
2025-03-21 09:42:03,670 [INFO] IPUIPlugin:80 - create IPUIPlugin
2025-03-21 09:42:03,670 [INFO] IPUIPlugin:80 - create IPUIPlugin
2025-03-21 09:42:03,671 [INFO] IPUIPlugin:80 - create IPUIPlugin
2025-03-21 09:42:03,671 [INFO] IPUIPlugin:80 - create IPUIPlugin
2025-03-21 09:42:03,671 [INFO] IPUIPlugin:80 - create IPUIPlugin
2025-03-21 09:42:03,671 [INFO] IPUIPlugin:80 - create IPUIPlugin
2025-03-21 09:42:03,671 [INFO] IPUIPlugin:80 - create IPUIPlugin
2025-03-21 09:42:03,671 [INFO] IPUIPlugin:80 - create IPUIPlugin
2025-03-21 09:42:03,672 [INFO] IPUIPlugin:80 - create IPUIPlugin
2025-03-21 09:42:03,672 [INFO] IPUIPlugin:80 - create IPUIPlugin
2025-03-21 09:42:03,672 [INFO] IPUIPlugin:80 - create IPUIPlugin
2025-03-21 09:42:03,673 [INFO] IPUIPlugin:80 - create IPUIPlugin
2025-03-21 09:42:03,673 [INFO] IPUIPlugin:80 - create IPUIPlugin
2025-03-21 09:42:03,673 [INFO] IPUIPlugin:80 - create IPUIPlugin
2025-03-21 09:42:03,673 [INFO] IPUIPlugin:80 - create IPUIPlugin
2025-03-21 09:42:03,674 [INFO] IPUIPlugin:80 - create IPUIPlugin
2025-03-21 09:42:03,674 [INFO] IPUIPlugin:80 - create IPUIPlugin
2025-03-21 09:42:03,674 [INFO] IPUIPlugin:80 - create IPUIPlugin
2025-03-21 09:42:03,847 [INFO] CADModel:165 - CPN selected for project levelSTM32F072RBT6
2025-03-21 09:42:03,847 [INFO] CADModel:114 - Register for checkConnection events
2025-03-21 09:42:03,899 [INFO] OpenFileManager:385 - Restore cursor
2025-03-21 09:54:04,946 [ERROR] LogOutputStream:75 - [STDERR_REDIRECT] 
2025-03-21 10:17:00,072 [INFO] Activator:176 - 


2025-03-21 10:17:00,074 [INFO] Activator:177 - !SESSION log4j initialized
2025-03-21 10:17:04,642 [INFO] LogOutputStream:77 - [STDOUT_REDIRECT] 
2025-03-21 10:17:10,162 [INFO] ApplicationProperties:184 - Using Application install path: C:\ST\STM32CubeIDE_1.16.0\STM32CubeIDE\plugins\com.st.stm32cube.common.mx_6.14.0.202502271554
2025-03-21 10:17:10,177 [INFO] DbMcusXml:78 - Set database path to: C:\ST\STM32CubeIDE_1.16.0\STM32CubeIDE\plugins\com.st.stm32cube.common.mx_6.14.0.202502271554\\db\/mcu/
2025-03-21 10:17:10,178 [INFO] ApiDb:274 - Set plugin database path to: C:\ST\STM32CubeIDE_1.16.0\STM32CubeIDE\plugins\com.st.stm32cube.common.mx_6.14.0.202502271554\\db\/plugins/boardmanager/
2025-03-21 10:17:10,178 [WARN] ApiDb:259 - Overriding images path with different value:  => C:\ST\STM32CubeIDE_1.16.0\STM32CubeIDE\plugins\com.st.stm32cube.common.mx_6.14.0.202502271554\\db\/plugins/mcufinder/images/
2025-03-21 10:17:10,186 [INFO] ApiDb:250 - Set database path to: C:\Users\jotto\.stmcufinder\plugins\mcufinder//mcu/
2025-03-21 10:17:10,186 [INFO] DbMcusAds:125 - Set database path to: C:\Users\jotto\.stmcufinder\plugins\mcufinder//mcu/
2025-03-21 10:17:10,188 [INFO] CrossReferenceDbSqlite:203 - Set database path to: C:\Users\jotto\.stmcufinder\plugins\mcufinder//mcu/cs/
2025-03-21 10:17:10,283 [INFO] RulesReader:64 - Compatibility file has been processed (301 Rules)
2025-03-21 10:17:10,358 [INFO] DbMcusXml:78 - Set database path to: C:\ST\STM32CubeIDE_1.16.0\STM32CubeIDE\plugins\com.st.stm32cube.common.mx_6.14.0.202502271554\\db\/mcu/
2025-03-21 10:17:10,358 [INFO] ApiDb:274 - Set plugin database path to: C:\ST\STM32CubeIDE_1.16.0\STM32CubeIDE\plugins\com.st.stm32cube.common.mx_6.14.0.202502271554\\db\/plugins/boardmanager/
2025-03-21 10:17:10,358 [INFO] ApiDb:261 - Set plugin images path to: C:\ST\STM32CubeIDE_1.16.0\STM32CubeIDE\plugins\com.st.stm32cube.common.mx_6.14.0.202502271554\\db\/plugins/mcufinder/images/
2025-03-21 10:17:10,358 [WARN] DbFile:41 - Overriding database path with different value: C:\Users\jotto\.stmcufinder\plugins\mcufinder/ => C:\Users\jotto\.stmcufinder\plugins\mcufinder
2025-03-21 10:17:10,358 [INFO] ApiDb:250 - Set database path to: C:\Users\jotto\.stmcufinder\plugins\mcufinder//mcu/
2025-03-21 10:17:10,358 [WARN] DbFile:41 - Overriding database path with different value: C:\Users\jotto\.stmcufinder\plugins\mcufinder/ => C:\Users\jotto\.stmcufinder\plugins\mcufinder
2025-03-21 10:17:10,359 [INFO] DbMcusAds:125 - Set database path to: C:\Users\jotto\.stmcufinder\plugins\mcufinder//mcu/
2025-03-21 10:17:10,359 [WARN] DbFile:41 - Overriding database path with different value: C:\Users\jotto\.stmcufinder\plugins\mcufinder/ => C:\Users\jotto\.stmcufinder\plugins\mcufinder
2025-03-21 10:17:10,359 [WARN] DbFile:41 - Overriding database path with different value: C:\Users\jotto\.stmcufinder\plugins\mcufinder/ => C:\Users\jotto\.stmcufinder\plugins\mcufinder
2025-03-21 10:17:10,359 [INFO] CrossReferenceDbSqlite:203 - Set database path to: C:\Users\jotto\.stmcufinder\plugins\mcufinder//mcu/cs/
2025-03-21 10:17:10,418 [INFO] MainPanel:272 - HeapMemory: 268435456
2025-03-21 10:17:10,544 [INFO] DbMcusXml:78 - Set database path to: C:\ST\STM32CubeIDE_1.16.0\STM32CubeIDE\plugins\com.st.stm32cube.common.mx_6.14.0.202502271554\\db\/mcu/
2025-03-21 10:17:10,544 [INFO] ApiDb:274 - Set plugin database path to: C:\ST\STM32CubeIDE_1.16.0\STM32CubeIDE\plugins\com.st.stm32cube.common.mx_6.14.0.202502271554\\db\/plugins/boardmanager/
2025-03-21 10:17:10,544 [INFO] ApiDb:261 - Set plugin images path to: C:\ST\STM32CubeIDE_1.16.0\STM32CubeIDE\plugins\com.st.stm32cube.common.mx_6.14.0.202502271554\\db\/plugins/mcufinder/images/
2025-03-21 10:17:10,544 [WARN] DbFile:41 - Overriding database path with different value: C:\Users\jotto\.stmcufinder\plugins\mcufinder/ => C:\Users\jotto\.stmcufinder\plugins\mcufinder
2025-03-21 10:17:10,544 [INFO] ApiDb:250 - Set database path to: C:\Users\jotto\.stmcufinder\plugins\mcufinder//mcu/
2025-03-21 10:17:10,544 [WARN] DbFile:41 - Overriding database path with different value: C:\Users\jotto\.stmcufinder\plugins\mcufinder/ => C:\Users\jotto\.stmcufinder\plugins\mcufinder
2025-03-21 10:17:10,544 [INFO] DbMcusAds:125 - Set database path to: C:\Users\jotto\.stmcufinder\plugins\mcufinder//mcu/
2025-03-21 10:17:10,544 [WARN] DbFile:41 - Overriding database path with different value: C:\Users\jotto\.stmcufinder\plugins\mcufinder/ => C:\Users\jotto\.stmcufinder\plugins\mcufinder
2025-03-21 10:17:10,544 [WARN] DbFile:41 - Overriding database path with different value: C:\Users\jotto\.stmcufinder\plugins\mcufinder/ => C:\Users\jotto\.stmcufinder\plugins\mcufinder
2025-03-21 10:17:10,544 [INFO] CrossReferenceDbSqlite:203 - Set database path to: C:\Users\jotto\.stmcufinder\plugins\mcufinder//mcu/cs/
2025-03-21 10:17:10,557 [INFO] ApplicationProperties:184 - Using Application install path: C:\ST\STM32CubeIDE_1.16.0\STM32CubeIDE\plugins\com.st.stm32cube.common.mx_6.14.0.202502271554
2025-03-21 10:17:10,558 [INFO] PluginManage:196 - Search for loadable plugins [exclusion list=, ]
2025-03-21 10:17:10,559 [INFO] PluginManage:310 - Check plugin analytics
2025-03-21 10:17:15,682 [INFO] AnalyticsPlugin:253 - Accepted Software Licenses: 
2025-03-21 10:17:15,682 [INFO] AnalyticsPlugin:255 - Accepted CMSIS Pack Licenses: 
2025-03-21 10:17:15,683 [INFO] AnalyticsPlugin:257 - Accepted Firmware Licenses: FW.G0.1.6.0
2025-03-21 10:17:15,684 [INFO] PluginManage:359 - Loaded plugin analytics (category:tool,tabindex:-1)
2025-03-21 10:17:15,685 [INFO] PluginManage:310 - Check plugin cadmodel
2025-03-21 10:17:15,689 [INFO] CADModel:105 - Init CAD model plugin
2025-03-21 10:17:15,689 [INFO] PluginManage:359 - Loaded plugin cadmodel (category:power,tabindex:5)
2025-03-21 10:17:15,689 [INFO] PluginManage:310 - Check plugin clock
2025-03-21 10:17:15,696 [INFO] PluginManage:359 - Loaded plugin clock (category:base,tabindex:2)
2025-03-21 10:17:15,697 [INFO] PluginManage:310 - Check plugin ddr
2025-03-21 10:17:15,699 [INFO] PluginManage:359 - Loaded plugin ddr (category:tool,tabindex:6)
2025-03-21 10:17:15,699 [INFO] PluginManage:310 - Check plugin filemanager
2025-03-21 10:17:15,824 [INFO] PluginManage:359 - Loaded plugin filemanager (category:base,tabindex:10)
2025-03-21 10:17:15,824 [INFO] PluginManage:310 - Check plugin ipmanager
2025-03-21 10:17:15,829 [INFO] PluginManage:359 - Loaded plugin ipmanager (category:base,tabindex:5)
2025-03-21 10:17:15,829 [INFO] PluginManage:310 - Check plugin lpbam
2025-03-21 10:17:15,836 [INFO] PluginManage:359 - Loaded plugin lpbam (category:base,tabindex:0)
2025-03-21 10:17:15,836 [INFO] PluginManage:310 - Check plugin memorymap
2025-03-21 10:17:15,850 [INFO] PluginManage:359 - Loaded plugin memorymap (category:base,tabindex:4)
2025-03-21 10:17:15,850 [INFO] PluginManage:310 - Check plugin pinoutandconfiguration
2025-03-21 10:17:15,856 [INFO] PluginManage:359 - Loaded plugin pinoutandconfiguration (category:base,tabindex:1)
2025-03-21 10:17:15,857 [INFO] PluginManage:310 - Check plugin pinoutconfig
2025-03-21 10:17:15,962 [WARN] SupportedApi:132 - Cannot load RTOS API schema: s4s-elt-must-match.1: The content of 'definitions' must match (annotation?, (simpleType | complexType)?, (unique | key | keyref)*)). A problem was found starting at: attribute.
2025-03-21 10:17:16,063 [INFO] PluginManage:359 - Loaded plugin pinoutconfig (category:base,tabindex:0)
2025-03-21 10:17:16,063 [INFO] PluginManage:310 - Check plugin power
2025-03-21 10:17:16,070 [INFO] PluginManage:359 - Loaded plugin power (category:power,tabindex:4)
2025-03-21 10:17:16,070 [INFO] PluginManage:310 - Check plugin projectmanager
2025-03-21 10:17:16,082 [INFO] PluginManage:359 - Loaded plugin projectmanager (category:projectmanager,tabindex:4)
2025-03-21 10:17:16,082 [INFO] PluginManage:310 - Check plugin rif
2025-03-21 10:17:16,087 [INFO] PluginManage:359 - Loaded plugin rif (category:base,tabindex:3)
2025-03-21 10:17:16,088 [INFO] PluginManage:310 - Check plugin thirdparty
2025-03-21 10:17:16,186 [INFO] PluginManage:359 - Loaded plugin thirdparty (category:base,tabindex:-1)
2025-03-21 10:17:16,186 [WARN] IntegrityCheckThread:84 - waiting for thirdparty lock release [integrity check]
2025-03-21 10:17:16,186 [INFO] PluginManage:310 - Check plugin tools
2025-03-21 10:17:16,186 [INFO] IntegrityCheckThread:86 - entering critical section [integrity check]
2025-03-21 10:17:16,187 [INFO] ThirdPartyUpdaterWithRetryManager:70 - Updater plugin not ready yet. [1/15]
2025-03-21 10:17:16,188 [INFO] PluginManage:359 - Loaded plugin tools (category:base,tabindex:7)
2025-03-21 10:17:16,189 [INFO] PluginManage:310 - Check plugin tutovideos
2025-03-21 10:17:16,315 [INFO] PluginManage:359 - Loaded plugin tutovideos (category:base,tabindex:-1)
2025-03-21 10:17:16,316 [INFO] PluginManage:310 - Check plugin updater
2025-03-21 10:17:16,333 [INFO] PluginManage:359 - Loaded plugin updater (category:base,tabindex:12)
2025-03-21 10:17:16,333 [INFO] PluginManage:310 - Check plugin userauth
2025-03-21 10:17:16,337 [INFO] UserAuth:118 - Init User Auth plugin
2025-03-21 10:17:16,337 [INFO] PluginManage:359 - Loaded plugin userauth (category:base,tabindex:14)
2025-03-21 10:17:16,338 [INFO] PluginManage:283 - PluginManage : Loaded plugins [18]
2025-03-21 10:17:16,514 [INFO] PinOutPanel:1589 - setPackage(No Configuration,No Configuration)
2025-03-21 10:17:16,576 [INFO] CADModel:165 - CPN selected for project level
2025-03-21 10:17:16,577 [INFO] CADModel:114 - Register for checkConnection events
2025-03-21 10:17:16,590 [INFO] IPUIPlugin:80 - create IPUIPlugin
2025-03-21 10:17:16,590 [INFO] PluginManager:220 - loadIPPluginJar : add adc
2025-03-21 10:17:16,592 [INFO] IPUIPlugin:80 - create IPUIPlugin
2025-03-21 10:17:16,592 [INFO] PluginManager:220 - loadIPPluginJar : add aes
2025-03-21 10:17:16,594 [INFO] IPUIPlugin:80 - create IPUIPlugin
2025-03-21 10:17:16,594 [INFO] PluginManager:220 - loadIPPluginJar : add can
2025-03-21 10:17:16,596 [INFO] IPUIPlugin:80 - create IPUIPlugin
2025-03-21 10:17:16,596 [INFO] PluginManager:220 - loadIPPluginJar : add comp
2025-03-21 10:17:16,598 [INFO] IPUIPlugin:80 - create IPUIPlugin
2025-03-21 10:17:16,598 [INFO] PluginManager:220 - loadIPPluginJar : add cryp
2025-03-21 10:17:16,600 [INFO] IPUIPlugin:80 - create IPUIPlugin
2025-03-21 10:17:16,600 [INFO] PluginManager:220 - loadIPPluginJar : add ddr_ctrl_phy
2025-03-21 10:17:16,602 [INFO] IPUIPlugin:80 - create IPUIPlugin
2025-03-21 10:17:16,602 [INFO] PluginManager:220 - loadIPPluginJar : add dfsdm
2025-03-21 10:17:16,605 [INFO] IPUIPlugin:80 - create IPUIPlugin
2025-03-21 10:17:16,606 [INFO] PluginManager:220 - loadIPPluginJar : add dma
2025-03-21 10:17:16,608 [INFO] IPUIPlugin:80 - create IPUIPlugin
2025-03-21 10:17:16,608 [INFO] PluginManager:220 - loadIPPluginJar : add dma3
2025-03-21 10:17:16,610 [INFO] IPUIPlugin:80 - create IPUIPlugin
2025-03-21 10:17:16,610 [INFO] PluginManager:220 - loadIPPluginJar : add extmemmanager
2025-03-21 10:17:16,611 [INFO] IPUIPlugin:80 - create IPUIPlugin
2025-03-21 10:17:16,611 [INFO] PluginManager:220 - loadIPPluginJar : add fatfs
2025-03-21 10:17:16,615 [INFO] IPUIPlugin:80 - create IPUIPlugin
2025-03-21 10:17:16,615 [INFO] PluginManager:220 - loadIPPluginJar : add fmc
2025-03-21 10:17:16,620 [INFO] IPUIPlugin:80 - create IPUIPlugin
2025-03-21 10:17:16,620 [INFO] PluginManager:220 - loadIPPluginJar : add freertos
2025-03-21 10:17:16,621 [INFO] IPUIPlugin:80 - create IPUIPlugin
2025-03-21 10:17:16,621 [INFO] PluginManager:220 - loadIPPluginJar : add genericplugin
2025-03-21 10:17:16,623 [INFO] IPUIPlugin:80 - create IPUIPlugin
2025-03-21 10:17:16,623 [INFO] PluginManager:220 - loadIPPluginJar : add gfxmmu
2025-03-21 10:17:16,626 [INFO] IPUIPlugin:80 - create IPUIPlugin
2025-03-21 10:17:16,627 [INFO] PluginManager:220 - loadIPPluginJar : add gic
2025-03-21 10:17:16,630 [INFO] IPUIPlugin:80 - create IPUIPlugin
2025-03-21 10:17:16,630 [INFO] PluginManager:220 - loadIPPluginJar : add gpio
2025-03-21 10:17:16,633 [INFO] IPUIPlugin:80 - create IPUIPlugin
2025-03-21 10:17:16,633 [INFO] PluginManager:220 - loadIPPluginJar : add gtzc
2025-03-21 10:17:16,635 [INFO] IPUIPlugin:80 - create IPUIPlugin
2025-03-21 10:17:16,635 [INFO] PluginManager:220 - loadIPPluginJar : add hash
2025-03-21 10:17:16,637 [INFO] IPUIPlugin:80 - create IPUIPlugin
2025-03-21 10:17:16,637 [INFO] PluginManager:220 - loadIPPluginJar : add i2c
2025-03-21 10:17:16,639 [INFO] IPUIPlugin:80 - create IPUIPlugin
2025-03-21 10:17:16,639 [INFO] PluginManager:220 - loadIPPluginJar : add i2s
2025-03-21 10:17:16,642 [INFO] IPUIPlugin:80 - create IPUIPlugin
2025-03-21 10:17:16,642 [INFO] PluginManager:220 - loadIPPluginJar : add i3c
2025-03-21 10:17:16,644 [INFO] IPUIPlugin:80 - create IPUIPlugin
2025-03-21 10:17:16,644 [INFO] PluginManager:220 - loadIPPluginJar : add ipddr
2025-03-21 10:17:16,651 [INFO] IPUIPlugin:80 - create IPUIPlugin
2025-03-21 10:17:16,651 [INFO] PluginManager:220 - loadIPPluginJar : add linkedlist
2025-03-21 10:17:16,653 [INFO] IPUIPlugin:80 - create IPUIPlugin
2025-03-21 10:17:16,653 [INFO] PluginManager:220 - loadIPPluginJar : add lorawan
2025-03-21 10:17:16,655 [INFO] IPUIPlugin:80 - create IPUIPlugin
2025-03-21 10:17:16,655 [INFO] PluginManager:220 - loadIPPluginJar : add ltdc
2025-03-21 10:17:16,660 [INFO] IPUIPlugin:80 - create IPUIPlugin
2025-03-21 10:17:16,660 [INFO] PluginManager:220 - loadIPPluginJar : add mdma
2025-03-21 10:17:16,663 [INFO] IPUIPlugin:80 - create IPUIPlugin
2025-03-21 10:17:16,663 [INFO] PluginManager:220 - loadIPPluginJar : add nvic
2025-03-21 10:17:16,666 [INFO] IPUIPlugin:80 - create IPUIPlugin
2025-03-21 10:17:16,666 [INFO] PluginManager:220 - loadIPPluginJar : add opamp
2025-03-21 10:17:16,668 [INFO] IPUIPlugin:80 - create IPUIPlugin
2025-03-21 10:17:16,668 [INFO] PluginManager:220 - loadIPPluginJar : add openamp
2025-03-21 10:17:16,671 [INFO] IPUIPlugin:80 - create IPUIPlugin
2025-03-21 10:17:16,671 [INFO] PluginManager:220 - loadIPPluginJar : add pdm2pcm
2025-03-21 10:17:16,676 [INFO] IPUIPlugin:80 - create IPUIPlugin
2025-03-21 10:17:16,679 [INFO] PluginManager:220 - loadIPPluginJar : add plateformsettings
2025-03-21 10:17:16,680 [INFO] IPUIPlugin:80 - create IPUIPlugin
2025-03-21 10:17:16,681 [INFO] PluginManager:220 - loadIPPluginJar : add quadspi
2025-03-21 10:17:16,682 [INFO] IPUIPlugin:80 - create IPUIPlugin
2025-03-21 10:17:16,683 [INFO] PluginManager:220 - loadIPPluginJar : add radio
2025-03-21 10:17:16,686 [INFO] IPUIPlugin:80 - create IPUIPlugin
2025-03-21 10:17:16,687 [INFO] PluginManager:220 - loadIPPluginJar : add resmgrutility
2025-03-21 10:17:16,689 [INFO] IPUIPlugin:80 - create IPUIPlugin
2025-03-21 10:17:16,689 [INFO] PluginManager:220 - loadIPPluginJar : add sai
2025-03-21 10:17:16,691 [INFO] IPUIPlugin:80 - create IPUIPlugin
2025-03-21 10:17:16,691 [INFO] PluginManager:220 - loadIPPluginJar : add spi
2025-03-21 10:17:16,695 [INFO] IPUIPlugin:80 - create IPUIPlugin
2025-03-21 10:17:16,695 [INFO] PluginManager:220 - loadIPPluginJar : add stm32_wpan
2025-03-21 10:17:16,697 [INFO] IPUIPlugin:80 - create IPUIPlugin
2025-03-21 10:17:16,697 [INFO] PluginManager:220 - loadIPPluginJar : add tim
2025-03-21 10:17:16,699 [INFO] IPUIPlugin:80 - create IPUIPlugin
2025-03-21 10:17:16,699 [INFO] PluginManager:220 - loadIPPluginJar : add touchsensing
2025-03-21 10:17:16,701 [INFO] IPUIPlugin:80 - create IPUIPlugin
2025-03-21 10:17:16,701 [INFO] PluginManager:220 - loadIPPluginJar : add tracer_emb
2025-03-21 10:17:16,702 [INFO] IPUIPlugin:80 - create IPUIPlugin
2025-03-21 10:17:16,703 [INFO] PluginManager:220 - loadIPPluginJar : add ts
2025-03-21 10:17:16,704 [INFO] IPUIPlugin:80 - create IPUIPlugin
2025-03-21 10:17:16,704 [INFO] PluginManager:220 - loadIPPluginJar : add tsc
2025-03-21 10:17:16,707 [INFO] IPUIPlugin:80 - create IPUIPlugin
2025-03-21 10:17:16,707 [INFO] PluginManager:220 - loadIPPluginJar : add ucpd
2025-03-21 10:17:16,708 [INFO] IPUIPlugin:80 - create IPUIPlugin
2025-03-21 10:17:16,708 [INFO] PluginManager:220 - loadIPPluginJar : add usart
2025-03-21 10:17:16,711 [INFO] IPUIPlugin:80 - create IPUIPlugin
2025-03-21 10:17:16,711 [INFO] PluginManager:220 - loadIPPluginJar : add usbx
2025-03-21 10:17:16,827 [FATAL] Updater:351 - Updater called before beeing initialized
2025-03-21 10:17:16,861 [INFO] RulesReader:64 - Compatibility file has been processed (301 Rules)
2025-03-21 10:17:16,870 [INFO] RulesReader:64 - Compatibility file has been processed (301 Rules)
2025-03-21 10:17:16,876 [INFO] CADModel:165 - CPN selected for project level
2025-03-21 10:17:16,876 [INFO] CADModel:114 - Register for checkConnection events
2025-03-21 10:17:16,876 [FATAL] Updater:351 - Updater called before beeing initialized
2025-03-21 10:17:16,876 [ERROR] CADModel:125 - Updater not yet initialized, retry later 
2025-03-21 10:17:16,988 [FATAL] Updater:351 - Updater called before beeing initialized
2025-03-21 10:17:16,990 [INFO] CADModel:165 - CPN selected for project level
2025-03-21 10:17:16,990 [INFO] CADModel:114 - Register for checkConnection events
2025-03-21 10:17:16,990 [FATAL] Updater:351 - Updater called before beeing initialized
2025-03-21 10:17:16,990 [ERROR] CADModel:125 - Updater not yet initialized, retry later 
2025-03-21 10:17:16,992 [FATAL] Updater:351 - Updater called before beeing initialized
2025-03-21 10:17:17,104 [FATAL] Updater:351 - Updater called before beeing initialized
2025-03-21 10:17:17,107 [INFO] DbMcusAds:53 - JSON generation date=Thu Mar 06 09:54:21 EST 2025 (1741272861825)
2025-03-21 10:17:17,107 [FATAL] Updater:351 - Updater called before beeing initialized
2025-03-21 10:17:17,139 [WARN] DetailPanel:346 - Failed to get advertising image, set to default
2025-03-21 10:17:17,346 [FATAL] Updater:351 - Updater called before beeing initialized
2025-03-21 10:17:17,348 [FATAL] Updater:351 - Updater called before beeing initialized
2025-03-21 10:17:17,348 [FATAL] Updater:351 - Updater called before beeing initialized
2025-03-21 10:17:17,348 [WARN] DetailPanel:346 - Failed to get advertising image, set to default
2025-03-21 10:17:17,348 [FATAL] Updater:351 - Updater called before beeing initialized
2025-03-21 10:17:17,388 [ERROR] Updater:1198 - MainUpdater not yet initialized. External WinMGr cannot be set.
2025-03-21 10:17:17,389 [INFO] Updater:1134 - Updater Version found : 6.14.0
2025-03-21 10:17:17,405 [INFO] ApplicationProperties:184 - Using Application install path: C:\ST\STM32CubeIDE_1.16.0\STM32CubeIDE\plugins\com.st.stm32cube.common.mx_6.14.0.202502271554
2025-03-21 10:17:18,976 [ERROR] LogOutputStream:75 - [STDERR_REDIRECT] Mar 21, 2025 10:17:18 AM java.util.prefs.WindowsPreferences <init>
2025-03-21 10:17:18,977 [ERROR] LogOutputStream:75 - [STDERR_REDIRECT] WARNING: Could not open/create prefs root node Software\JavaSoft\Prefs at root 0xffffffff80000002. Windows RegCreateKeyEx(...) returned error code 5.
2025-03-21 10:17:18,977 [ERROR] LogOutputStream:75 - [STDERR_REDIRECT] 
2025-03-21 10:17:19,187 [INFO] ThirdPartyUpdaterWithRetryManager:70 - Updater plugin not ready yet. [2/15]
2025-03-21 10:17:19,210 [INFO] MainUpdater:2872 - connection check result : 10
2025-03-21 10:17:19,211 [INFO] MainUpdater:289 - Updater Check For Update Now.
2025-03-21 10:17:19,211 [INFO] MicroXplorer:498 - Change Database Version : DB.6.0.140
2025-03-21 10:17:19,215 [INFO] McuFinderGlobals:63 - Set McuFinder mode to 2 (CubeIDE integrated)
2025-03-21 10:17:19,216 [INFO] UserAuth:486 - Internet connection configuration mode: 1
2025-03-21 10:17:19,235 [INFO] JxBrowserEngine:152 - Initiate JxBrowser Engine with user profile folder
2025-03-21 10:17:19,377 [INFO] CheckServerUpdateThread:120 - End of CheckServer Thread
2025-03-21 10:17:26,232 [WARN] PackLoader:240 - Cannot read IP mode file for STMicroelectronics.FP-SNS-MOTENVWB1.1.4.0
2025-03-21 10:17:26,241 [WARN] PackLoader:240 - Cannot read IP mode file for STMicroelectronics.FP-ATR-ASTRA1.2.0.2
2025-03-21 10:17:26,245 [WARN] PackLoader:240 - Cannot read IP mode file for STMicroelectronics.FP-ATR-ASTRA1.2.0.1
2025-03-21 10:17:26,255 [WARN] PackLoader:240 - Cannot read IP mode file for STMicroelectronics.X-CUBE-SMBUS.2.1.0
2025-03-21 10:17:26,259 [INFO] WebApp:169 - Instantiating new browser for Auth
2025-03-21 10:17:26,264 [WARN] PackLoader:240 - Cannot read IP mode file for STMicroelectronics.X-CUBE-WB05N.1.1.0
2025-03-21 10:17:26,306 [WARN] PackLoader:240 - Cannot read IP mode file for STMicroelectronics.X-CUBE-AZRTOS-F7.1.1.0
2025-03-21 10:17:26,446 [WARN] PackLoader:240 - Cannot read IP mode file for STMicroelectronics.X-CUBE-MEMS1.11.0.0
2025-03-21 10:17:27,061 [WARN] PackLoader:240 - Cannot read IP mode file for STMicroelectronics.FP-SNS-FLIGHT1.5.0.2
2025-03-21 10:17:27,270 [WARN] PackLoader:240 - Cannot read IP mode file for STMicroelectronics.X-CUBE-DISPLAY.3.0.0
2025-03-21 10:17:27,378 [WARN] PackLoader:240 - Cannot read IP mode file for STMicroelectronics.X-CUBE-BLE1.7.0.0
2025-03-21 10:17:27,512 [WARN] PackLoader:240 - Cannot read IP mode file for STMicroelectronics.X-CUBE-NFC10.1.0.0
2025-03-21 10:17:27,625 [WARN] PackLoader:240 - Cannot read IP mode file for STMicroelectronics.X-CUBE-BLEMGR.4.0.0
2025-03-21 10:17:27,785 [WARN] PackLoader:240 - Cannot read IP mode file for STMicroelectronics.X-CUBE-BLEMGR.3.1.0
2025-03-21 10:17:27,935 [WARN] PackLoader:240 - Cannot read IP mode file for STMicroelectronics.X-CUBE-AI.10.0.0
2025-03-21 10:17:28,216 [WARN] PackLoader:240 - Cannot read IP mode file for STMicroelectronics.FP-SNS-SMARTAG2.1.2.0
2025-03-21 10:17:28,336 [WARN] PackLoader:240 - Cannot read IP mode file for STMicroelectronics.FP-SNS-FLIGHT1.5.1.0
2025-03-21 10:17:28,594 [WARN] PackLoader:240 - Cannot read IP mode file for STMicroelectronics.X-CUBE-MEMS1.11.1.0
2025-03-21 10:17:28,807 [INFO] LogOutputStream:77 - [STDOUT_REDIRECT] 1 : Invalid condition id : UX_CORESTACK_Condition cause : null
2025-03-21 10:17:28,808 [INFO] LogOutputStream:77 - [STDOUT_REDIRECT] 1 : Invalid condition id : UX_CORESTACK_Condition cause : null
2025-03-21 10:17:28,810 [INFO] LogOutputStream:77 - [STDOUT_REDIRECT] 1 : Invalid condition id : UX_CORESTACK_Condition cause : null
2025-03-21 10:17:28,811 [INFO] LogOutputStream:77 - [STDOUT_REDIRECT] 1 : Invalid condition id : UX_CORESTACK_Condition cause : null
2025-03-21 10:17:28,813 [INFO] LogOutputStream:77 - [STDOUT_REDIRECT] 1 : Invalid condition id : UX_CORESTACK_Condition cause : null
2025-03-21 10:17:28,816 [WARN] PackLoader:240 - Cannot read IP mode file for STMicroelectronics.X-CUBE-AZRTOS-WL.2.0.0
2025-03-21 10:17:28,945 [WARN] PackLoader:240 - Cannot read IP mode file for STMicroelectronics.FP-SNS-MOTENV1.5.0.0
2025-03-21 10:17:29,194 [WARN] PackLoader:240 - Cannot read IP mode file for wolfSSL.I-CUBE-wolfMQTT.1.19.0
2025-03-21 10:17:29,381 [WARN] PackLoader:240 - Cannot read IP mode file for WES.I-CUBE-Cesium.1.3.0
2025-03-21 10:17:29,574 [WARN] PackLoader:240 - Cannot read IP mode file for STMicroelectronics.X-CUBE-BLE2.3.3.0
2025-03-21 10:17:29,765 [WARN] PackLoader:240 - Cannot read IP mode file for STMicroelectronics.X-CUBE-NFC9.1.0.0
2025-03-21 10:17:29,808 [WARN] PackLoader:240 - Cannot read IP mode file for STMicroelectronics.X-CUBE-BLE1.7.1.0
2025-03-21 10:17:29,940 [WARN] PackLoader:240 - Cannot read IP mode file for STMicroelectronics.X-CUBE-TCPP.4.1.0
2025-03-21 10:17:30,104 [WARN] PackLoader:240 - Cannot read IP mode file for STMicroelectronics.X-CUBE-AZRTOS-G0.1.1.0
2025-03-21 10:17:30,226 [WARN] PackLoader:240 - Cannot read IP mode file for STMicroelectronics.X-CUBE-SAFEA1.1.2.2
2025-03-21 10:17:30,281 [WARN] PackLoader:240 - Cannot read IP mode file for STMicroelectronics.X-CUBE-NFC4.3.0.0
2025-03-21 10:17:30,390 [WARN] PackLoader:240 - Cannot read IP mode file for EmbeddedOffice.I-CUBE-FS-RTOS.1.0.1
2025-03-21 10:17:30,426 [WARN] PackLoader:240 - Cannot read IP mode file for STMicroelectronics.X-CUBE-TCPP.4.2.0
2025-03-21 10:17:30,566 [WARN] PackLoader:240 - Cannot read IP mode file for STMicroelectronics.FP-ATR-SIGFOX1.3.2.0
2025-03-21 10:17:30,598 [WARN] ConditionMgr:438 - getConditionDescription Invalid condition id : Cortex-A Device cause : null
2025-03-21 10:17:30,751 [WARN] ConditionMgr:1044 - genDependencies : Invalid condition id : Cortex-A Device cause : null
2025-03-21 10:17:30,752 [WARN] ConditionMgr:1044 - genDependencies : Invalid condition id : Cortex-A Device cause : null
2025-03-21 10:17:30,752 [WARN] ConditionMgr:1044 - genDependencies : Invalid condition id : Cortex-A Device cause : null
2025-03-21 10:17:30,797 [WARN] PackLoader:240 - Cannot read IP mode file for STMicroelectronics.X-CUBE-EEPRMA1.5.1.0
2025-03-21 10:17:30,919 [WARN] PackLoader:240 - Cannot read IP mode file for SEGGER.I-CUBE-embOS.1.3.1
2025-03-21 10:17:30,997 [WARN] PackLoader:240 - Cannot read IP mode file for STMicroelectronics.X-CUBE-ALGOBUILD.1.4.0
2025-03-21 10:17:31,055 [WARN] PackLoader:240 - Cannot read IP mode file for STMicroelectronics.X-CUBE-AI.9.1.0
2025-03-21 10:17:31,136 [WARN] PackLoader:240 - Cannot read IP mode file for STMicroelectronics.X-CUBE-GNSS1.6.0.0
2025-03-21 10:17:31,231 [WARN] PackLoader:240 - Cannot read IP mode file for STMicroelectronics.X-CUBE-AZRTOS-F4.1.1.0
2025-03-21 10:17:31,290 [WARN] PackLoader:240 - Cannot read IP mode file for STMicroelectronics.X-CUBE-FREERTOS.1.2.0
2025-03-21 10:17:31,399 [WARN] PackLoader:240 - Cannot read IP mode file for STMicroelectronics.X-CUBE-AZRTOS-L5.2.0.0
2025-03-21 10:17:31,453 [WARN] PackLoader:240 - Cannot read IP mode file for STMicroelectronics.X-CUBE-NFC6.3.1.0
2025-03-21 10:17:31,490 [WARN] PackLoader:240 - Cannot read IP mode file for STMicroelectronics.X-CUBE-AI.9.0.0
2025-03-21 10:17:31,501 [WARN] PackLoader:240 - Cannot read IP mode file for STMicroelectronics.X-CUBE-FREERTOS.1.3.0
2025-03-21 10:17:31,505 [WARN] PackLoader:240 - Cannot read IP mode file for STMicroelectronics.X-CUBE-NFC7.1.0.1
2025-03-21 10:17:31,522 [WARN] ConditionMgr:438 - getConditionDescription Invalid condition id : LAN8742 Phy interface Condition cause : null
2025-03-21 10:17:31,522 [WARN] PackLoader:240 - Cannot read IP mode file for STMicroelectronics.X-CUBE-AZRTOS-L4.2.0.0
2025-03-21 10:17:31,523 [WARN] ConditionMgr:1044 - genDependencies : Invalid condition id : LAN8742 Phy interface Condition cause : null
2025-03-21 10:17:31,523 [WARN] ConditionMgr:1044 - genDependencies : Invalid condition id : LAN8742 Phy interface Condition cause : null
2025-03-21 10:17:31,523 [WARN] ConditionMgr:1044 - genDependencies : Invalid condition id : LAN8742 Phy interface Condition cause : null
2025-03-21 10:17:31,528 [WARN] PackLoader:240 - Cannot read IP mode file for STMicroelectronics.X-CUBE-SFXS2LP1.4.0.0
2025-03-21 10:17:31,538 [WARN] PackLoader:240 - Cannot read IP mode file for STMicroelectronics.X-CUBE-IPS.3.0.0
2025-03-21 10:17:31,552 [WARN] ConditionMgr:438 - getConditionDescription Invalid condition id : UX DEVICE CLASS RTOS Condition cause : null
2025-03-21 10:17:31,552 [WARN] ConditionMgr:438 - getConditionDescription Invalid condition id : UX DEVICE CLASS RTOS Condition cause : null
2025-03-21 10:17:31,554 [WARN] PackLoader:240 - Cannot read IP mode file for STMicroelectronics.X-CUBE-AZRTOS-WB.2.0.0
2025-03-21 10:17:31,554 [WARN] ConditionMgr:1044 - genDependencies : Invalid condition id : UX DEVICE CLASS RTOS Condition cause : null
2025-03-21 10:17:31,554 [WARN] ConditionMgr:1044 - genDependencies : Invalid condition id : UX DEVICE CLASS RTOS Condition cause : null
2025-03-21 10:17:31,555 [WARN] ConditionMgr:1044 - genDependencies : Invalid condition id : UX DEVICE CLASS RTOS Condition cause : null
2025-03-21 10:17:31,555 [WARN] ConditionMgr:1044 - genDependencies : Invalid condition id : UX DEVICE CLASS RTOS Condition cause : null
2025-03-21 10:17:31,555 [WARN] ConditionMgr:1044 - genDependencies : Invalid condition id : UX DEVICE CLASS RTOS Condition cause : null
2025-03-21 10:17:31,559 [WARN] PackLoader:240 - Cannot read IP mode file for STMicroelectronics.X-CUBE-GNSS1.7.0.0
2025-03-21 10:17:31,564 [WARN] PackLoader:240 - Cannot read IP mode file for STMicroelectronics.X-CUBE-GNSS1.7.0.1
2025-03-21 10:17:31,572 [WARN] PackLoader:240 - Cannot read IP mode file for STMicroelectronics.X-CUBE-TOUCHGFX.4.25.0
2025-03-21 10:17:31,579 [WARN] PackLoader:240 - Cannot read IP mode file for STMicroelectronics.X-CUBE-SUBG2.5.0.0
2025-03-21 10:17:31,614 [WARN] PackLoader:240 - Cannot read IP mode file for STMicroelectronics.X-CUBE-AZRTOS-H7RS.1.1.0
2025-03-21 10:17:31,624 [WARN] PackLoader:240 - Cannot read IP mode file for Cesanta.I-CUBE-Mongoose.7.13.0
2025-03-21 10:17:31,643 [WARN] PackLoader:240 - Cannot read IP mode file for STMicroelectronics.X-CUBE-AZRTOS-G4.2.0.0
2025-03-21 10:17:31,648 [WARN] PackLoader:240 - Cannot read IP mode file for STMicroelectronics.X-CUBE-ISPU.2.0.0
2025-03-21 10:17:31,656 [WARN] PackLoader:240 - Cannot read IP mode file for STMicroelectronics.X-CUBE-IPS.3.1.0
2025-03-21 10:17:31,662 [WARN] PackLoader:240 - Cannot read IP mode file for STMicroelectronics.X-CUBE-ALS.1.0.2
2025-03-21 10:17:31,665 [WARN] PackLoader:240 - Cannot read IP mode file for STMicroelectronics.X-CUBE-TOUCHGFX.4.24.0
2025-03-21 10:17:31,667 [WARN] PackLoader:240 - Cannot read IP mode file for STMicroelectronics.X-CUBE-TOUCHGFX.4.24.2
2025-03-21 10:17:31,670 [WARN] PackLoader:240 - Cannot read IP mode file for STMicroelectronics.X-CUBE-TOUCHGFX.4.24.1
2025-03-21 10:17:31,676 [WARN] PackLoader:240 - Cannot read IP mode file for portGmbH.I-Cube-SoM-uGOAL.1.1.0
2025-03-21 10:17:31,690 [WARN] PackLoader:240 - Cannot read IP mode file for STMicroelectronics.X-CUBE-AZRTOS-H7RS.1.0.0
2025-03-21 10:17:31,695 [WARN] PackLoader:240 - Cannot read IP mode file for STMicroelectronics.FP-ATR-ASTRA1.2.0.0
2025-03-21 10:17:31,696 [INFO] ThirdParty:978 - Integrity check success = true
2025-03-21 10:17:31,696 [INFO] IntegrityCheckThread:100 - exiting critical section [integrity check]
2025-03-21 10:17:31,696 [INFO] IntegrityCheckThread:103 - End integrity checks thread
2025-03-21 10:17:31,983 [INFO] WebApp:463 - Apply proxy settings
2025-03-21 10:17:31,983 [INFO] WebApp:548 - Chromium requires no authentication
2025-03-21 10:17:32,685 [INFO] WebApp:491 - Direct internet connection detected
2025-03-21 10:17:33,324 [INFO] WebApp:894 - Register for checkConnection events
2025-03-21 10:17:33,324 [INFO] WebApp:463 - Apply proxy settings
2025-03-21 10:17:33,325 [INFO] WebApp:548 - Chromium requires no authentication
2025-03-21 10:17:33,326 [INFO] WebApp:491 - Direct internet connection detected
2025-03-21 10:17:35,925 [INFO] WebApp:191 - Connection restablished
2025-03-21 10:17:38,724 [INFO] WebApp:225 - Starting web application
2025-03-21 10:17:38,724 [INFO] WebApp:593 - Web application path used C:\ST\STM32CubeIDE_1.16.0\STM32CubeIDE\plugins\com.st.stm32cube.common.mx_6.14.0.202502271554\db\plugins\mcufinder\reactClient1\index.html
2025-03-21 10:17:39,175 [INFO] UserAuth:486 - Internet connection configuration mode: 1
2025-03-21 11:10:38,963 [INFO] Activator:176 - 


2025-03-21 11:10:38,964 [INFO] Activator:177 - !SESSION log4j initialized
2025-03-21 11:10:43,486 [INFO] LogOutputStream:77 - [STDOUT_REDIRECT] 
2025-03-21 11:10:48,906 [INFO] ApplicationProperties:184 - Using Application install path: C:\ST\STM32CubeIDE_1.16.0\STM32CubeIDE\plugins\com.st.stm32cube.common.mx_6.14.0.202502271554
2025-03-21 11:10:48,921 [INFO] DbMcusXml:78 - Set database path to: C:\ST\STM32CubeIDE_1.16.0\STM32CubeIDE\plugins\com.st.stm32cube.common.mx_6.14.0.202502271554\\db\/mcu/
2025-03-21 11:10:48,921 [INFO] ApiDb:274 - Set plugin database path to: C:\ST\STM32CubeIDE_1.16.0\STM32CubeIDE\plugins\com.st.stm32cube.common.mx_6.14.0.202502271554\\db\/plugins/boardmanager/
2025-03-21 11:10:48,921 [WARN] ApiDb:259 - Overriding images path with different value:  => C:\ST\STM32CubeIDE_1.16.0\STM32CubeIDE\plugins\com.st.stm32cube.common.mx_6.14.0.202502271554\\db\/plugins/mcufinder/images/
2025-03-21 11:10:48,928 [INFO] ApiDb:250 - Set database path to: C:\Users\jotto\.stmcufinder\plugins\mcufinder//mcu/
2025-03-21 11:10:48,929 [INFO] DbMcusAds:125 - Set database path to: C:\Users\jotto\.stmcufinder\plugins\mcufinder//mcu/
2025-03-21 11:10:48,931 [INFO] CrossReferenceDbSqlite:203 - Set database path to: C:\Users\jotto\.stmcufinder\plugins\mcufinder//mcu/cs/
2025-03-21 11:10:49,014 [INFO] RulesReader:64 - Compatibility file has been processed (301 Rules)
2025-03-21 11:10:49,098 [INFO] DbMcusXml:78 - Set database path to: C:\ST\STM32CubeIDE_1.16.0\STM32CubeIDE\plugins\com.st.stm32cube.common.mx_6.14.0.202502271554\\db\/mcu/
2025-03-21 11:10:49,099 [INFO] ApiDb:274 - Set plugin database path to: C:\ST\STM32CubeIDE_1.16.0\STM32CubeIDE\plugins\com.st.stm32cube.common.mx_6.14.0.202502271554\\db\/plugins/boardmanager/
2025-03-21 11:10:49,099 [INFO] ApiDb:261 - Set plugin images path to: C:\ST\STM32CubeIDE_1.16.0\STM32CubeIDE\plugins\com.st.stm32cube.common.mx_6.14.0.202502271554\\db\/plugins/mcufinder/images/
2025-03-21 11:10:49,099 [WARN] DbFile:41 - Overriding database path with different value: C:\Users\jotto\.stmcufinder\plugins\mcufinder/ => C:\Users\jotto\.stmcufinder\plugins\mcufinder
2025-03-21 11:10:49,099 [INFO] ApiDb:250 - Set database path to: C:\Users\jotto\.stmcufinder\plugins\mcufinder//mcu/
2025-03-21 11:10:49,099 [WARN] DbFile:41 - Overriding database path with different value: C:\Users\jotto\.stmcufinder\plugins\mcufinder/ => C:\Users\jotto\.stmcufinder\plugins\mcufinder
2025-03-21 11:10:49,099 [INFO] DbMcusAds:125 - Set database path to: C:\Users\jotto\.stmcufinder\plugins\mcufinder//mcu/
2025-03-21 11:10:49,099 [WARN] DbFile:41 - Overriding database path with different value: C:\Users\jotto\.stmcufinder\plugins\mcufinder/ => C:\Users\jotto\.stmcufinder\plugins\mcufinder
2025-03-21 11:10:49,099 [WARN] DbFile:41 - Overriding database path with different value: C:\Users\jotto\.stmcufinder\plugins\mcufinder/ => C:\Users\jotto\.stmcufinder\plugins\mcufinder
2025-03-21 11:10:49,099 [INFO] CrossReferenceDbSqlite:203 - Set database path to: C:\Users\jotto\.stmcufinder\plugins\mcufinder//mcu/cs/
2025-03-21 11:10:49,153 [INFO] MainPanel:272 - HeapMemory: 268435456
2025-03-21 11:10:49,249 [INFO] DbMcusXml:78 - Set database path to: C:\ST\STM32CubeIDE_1.16.0\STM32CubeIDE\plugins\com.st.stm32cube.common.mx_6.14.0.202502271554\\db\/mcu/
2025-03-21 11:10:49,249 [INFO] ApiDb:274 - Set plugin database path to: C:\ST\STM32CubeIDE_1.16.0\STM32CubeIDE\plugins\com.st.stm32cube.common.mx_6.14.0.202502271554\\db\/plugins/boardmanager/
2025-03-21 11:10:49,249 [INFO] ApiDb:261 - Set plugin images path to: C:\ST\STM32CubeIDE_1.16.0\STM32CubeIDE\plugins\com.st.stm32cube.common.mx_6.14.0.202502271554\\db\/plugins/mcufinder/images/
2025-03-21 11:10:49,249 [WARN] DbFile:41 - Overriding database path with different value: C:\Users\jotto\.stmcufinder\plugins\mcufinder/ => C:\Users\jotto\.stmcufinder\plugins\mcufinder
2025-03-21 11:10:49,249 [INFO] ApiDb:250 - Set database path to: C:\Users\jotto\.stmcufinder\plugins\mcufinder//mcu/
2025-03-21 11:10:49,249 [WARN] DbFile:41 - Overriding database path with different value: C:\Users\jotto\.stmcufinder\plugins\mcufinder/ => C:\Users\jotto\.stmcufinder\plugins\mcufinder
2025-03-21 11:10:49,250 [INFO] DbMcusAds:125 - Set database path to: C:\Users\jotto\.stmcufinder\plugins\mcufinder//mcu/
2025-03-21 11:10:49,250 [WARN] DbFile:41 - Overriding database path with different value: C:\Users\jotto\.stmcufinder\plugins\mcufinder/ => C:\Users\jotto\.stmcufinder\plugins\mcufinder
2025-03-21 11:10:49,250 [WARN] DbFile:41 - Overriding database path with different value: C:\Users\jotto\.stmcufinder\plugins\mcufinder/ => C:\Users\jotto\.stmcufinder\plugins\mcufinder
2025-03-21 11:10:49,250 [INFO] CrossReferenceDbSqlite:203 - Set database path to: C:\Users\jotto\.stmcufinder\plugins\mcufinder//mcu/cs/
2025-03-21 11:10:49,262 [INFO] ApplicationProperties:184 - Using Application install path: C:\ST\STM32CubeIDE_1.16.0\STM32CubeIDE\plugins\com.st.stm32cube.common.mx_6.14.0.202502271554
2025-03-21 11:10:49,263 [INFO] PluginManage:196 - Search for loadable plugins [exclusion list=, ]
2025-03-21 11:10:49,264 [INFO] PluginManage:310 - Check plugin analytics
2025-03-21 11:10:54,484 [INFO] AnalyticsPlugin:253 - Accepted Software Licenses: 
2025-03-21 11:10:54,484 [INFO] AnalyticsPlugin:255 - Accepted CMSIS Pack Licenses: 
2025-03-21 11:10:54,484 [INFO] AnalyticsPlugin:257 - Accepted Firmware Licenses: FW.G0.1.6.0
2025-03-21 11:10:54,486 [INFO] PluginManage:359 - Loaded plugin analytics (category:tool,tabindex:-1)
2025-03-21 11:10:54,486 [INFO] PluginManage:310 - Check plugin cadmodel
2025-03-21 11:10:54,492 [INFO] CADModel:105 - Init CAD model plugin
2025-03-21 11:10:54,492 [INFO] PluginManage:359 - Loaded plugin cadmodel (category:power,tabindex:5)
2025-03-21 11:10:54,492 [INFO] PluginManage:310 - Check plugin clock
2025-03-21 11:10:54,498 [INFO] PluginManage:359 - Loaded plugin clock (category:base,tabindex:2)
2025-03-21 11:10:54,498 [INFO] PluginManage:310 - Check plugin ddr
2025-03-21 11:10:54,500 [INFO] PluginManage:359 - Loaded plugin ddr (category:tool,tabindex:6)
2025-03-21 11:10:54,500 [INFO] PluginManage:310 - Check plugin filemanager
2025-03-21 11:10:54,614 [INFO] PluginManage:359 - Loaded plugin filemanager (category:base,tabindex:10)
2025-03-21 11:10:54,614 [INFO] PluginManage:310 - Check plugin ipmanager
2025-03-21 11:10:54,618 [INFO] PluginManage:359 - Loaded plugin ipmanager (category:base,tabindex:5)
2025-03-21 11:10:54,619 [INFO] PluginManage:310 - Check plugin lpbam
2025-03-21 11:10:54,624 [INFO] PluginManage:359 - Loaded plugin lpbam (category:base,tabindex:0)
2025-03-21 11:10:54,624 [INFO] PluginManage:310 - Check plugin memorymap
2025-03-21 11:10:54,635 [INFO] PluginManage:359 - Loaded plugin memorymap (category:base,tabindex:4)
2025-03-21 11:10:54,635 [INFO] PluginManage:310 - Check plugin pinoutandconfiguration
2025-03-21 11:10:54,641 [INFO] PluginManage:359 - Loaded plugin pinoutandconfiguration (category:base,tabindex:1)
2025-03-21 11:10:54,641 [INFO] PluginManage:310 - Check plugin pinoutconfig
2025-03-21 11:10:54,707 [WARN] SupportedApi:132 - Cannot load RTOS API schema: s4s-elt-must-match.1: The content of 'definitions' must match (annotation?, (simpleType | complexType)?, (unique | key | keyref)*)). A problem was found starting at: attribute.
2025-03-21 11:10:54,813 [INFO] PluginManage:359 - Loaded plugin pinoutconfig (category:base,tabindex:0)
2025-03-21 11:10:54,814 [INFO] PluginManage:310 - Check plugin power
2025-03-21 11:10:54,821 [INFO] PluginManage:359 - Loaded plugin power (category:power,tabindex:4)
2025-03-21 11:10:54,822 [INFO] PluginManage:310 - Check plugin projectmanager
2025-03-21 11:10:54,833 [INFO] PluginManage:359 - Loaded plugin projectmanager (category:projectmanager,tabindex:4)
2025-03-21 11:10:54,834 [INFO] PluginManage:310 - Check plugin rif
2025-03-21 11:10:54,839 [INFO] PluginManage:359 - Loaded plugin rif (category:base,tabindex:3)
2025-03-21 11:10:54,839 [INFO] PluginManage:310 - Check plugin thirdparty
2025-03-21 11:10:54,940 [WARN] IntegrityCheckThread:84 - waiting for thirdparty lock release [integrity check]
2025-03-21 11:10:54,940 [INFO] IntegrityCheckThread:86 - entering critical section [integrity check]
2025-03-21 11:10:54,940 [INFO] PluginManage:359 - Loaded plugin thirdparty (category:base,tabindex:-1)
2025-03-21 11:10:54,940 [INFO] PluginManage:310 - Check plugin tools
2025-03-21 11:10:54,940 [INFO] ThirdPartyUpdaterWithRetryManager:70 - Updater plugin not ready yet. [1/15]
2025-03-21 11:10:54,943 [INFO] PluginManage:359 - Loaded plugin tools (category:base,tabindex:7)
2025-03-21 11:10:54,943 [INFO] PluginManage:310 - Check plugin tutovideos
2025-03-21 11:10:55,068 [INFO] PluginManage:359 - Loaded plugin tutovideos (category:base,tabindex:-1)
2025-03-21 11:10:55,069 [INFO] PluginManage:310 - Check plugin updater
2025-03-21 11:10:55,086 [INFO] PluginManage:359 - Loaded plugin updater (category:base,tabindex:12)
2025-03-21 11:10:55,086 [INFO] PluginManage:310 - Check plugin userauth
2025-03-21 11:10:55,090 [INFO] UserAuth:118 - Init User Auth plugin
2025-03-21 11:10:55,091 [INFO] PluginManage:359 - Loaded plugin userauth (category:base,tabindex:14)
2025-03-21 11:10:55,092 [INFO] PluginManage:283 - PluginManage : Loaded plugins [18]
2025-03-21 11:10:55,243 [INFO] PinOutPanel:1589 - setPackage(No Configuration,No Configuration)
2025-03-21 11:10:55,308 [INFO] CADModel:165 - CPN selected for project level
2025-03-21 11:10:55,309 [INFO] CADModel:114 - Register for checkConnection events
2025-03-21 11:10:55,322 [INFO] IPUIPlugin:80 - create IPUIPlugin
2025-03-21 11:10:55,322 [INFO] PluginManager:220 - loadIPPluginJar : add adc
2025-03-21 11:10:55,324 [INFO] IPUIPlugin:80 - create IPUIPlugin
2025-03-21 11:10:55,324 [INFO] PluginManager:220 - loadIPPluginJar : add aes
2025-03-21 11:10:55,326 [INFO] IPUIPlugin:80 - create IPUIPlugin
2025-03-21 11:10:55,327 [INFO] PluginManager:220 - loadIPPluginJar : add can
2025-03-21 11:10:55,328 [INFO] IPUIPlugin:80 - create IPUIPlugin
2025-03-21 11:10:55,328 [INFO] PluginManager:220 - loadIPPluginJar : add comp
2025-03-21 11:10:55,330 [INFO] IPUIPlugin:80 - create IPUIPlugin
2025-03-21 11:10:55,330 [INFO] PluginManager:220 - loadIPPluginJar : add cryp
2025-03-21 11:10:55,332 [INFO] IPUIPlugin:80 - create IPUIPlugin
2025-03-21 11:10:55,332 [INFO] PluginManager:220 - loadIPPluginJar : add ddr_ctrl_phy
2025-03-21 11:10:55,334 [INFO] IPUIPlugin:80 - create IPUIPlugin
2025-03-21 11:10:55,334 [INFO] PluginManager:220 - loadIPPluginJar : add dfsdm
2025-03-21 11:10:55,338 [INFO] IPUIPlugin:80 - create IPUIPlugin
2025-03-21 11:10:55,338 [INFO] PluginManager:220 - loadIPPluginJar : add dma
2025-03-21 11:10:55,340 [INFO] IPUIPlugin:80 - create IPUIPlugin
2025-03-21 11:10:55,340 [INFO] PluginManager:220 - loadIPPluginJar : add dma3
2025-03-21 11:10:55,342 [INFO] IPUIPlugin:80 - create IPUIPlugin
2025-03-21 11:10:55,342 [INFO] PluginManager:220 - loadIPPluginJar : add extmemmanager
2025-03-21 11:10:55,343 [INFO] IPUIPlugin:80 - create IPUIPlugin
2025-03-21 11:10:55,343 [INFO] PluginManager:220 - loadIPPluginJar : add fatfs
2025-03-21 11:10:55,346 [INFO] IPUIPlugin:80 - create IPUIPlugin
2025-03-21 11:10:55,346 [INFO] PluginManager:220 - loadIPPluginJar : add fmc
2025-03-21 11:10:55,350 [INFO] IPUIPlugin:80 - create IPUIPlugin
2025-03-21 11:10:55,351 [INFO] PluginManager:220 - loadIPPluginJar : add freertos
2025-03-21 11:10:55,352 [INFO] IPUIPlugin:80 - create IPUIPlugin
2025-03-21 11:10:55,352 [INFO] PluginManager:220 - loadIPPluginJar : add genericplugin
2025-03-21 11:10:55,354 [INFO] IPUIPlugin:80 - create IPUIPlugin
2025-03-21 11:10:55,354 [INFO] PluginManager:220 - loadIPPluginJar : add gfxmmu
2025-03-21 11:10:55,357 [INFO] IPUIPlugin:80 - create IPUIPlugin
2025-03-21 11:10:55,357 [INFO] PluginManager:220 - loadIPPluginJar : add gic
2025-03-21 11:10:55,360 [INFO] IPUIPlugin:80 - create IPUIPlugin
2025-03-21 11:10:55,361 [INFO] PluginManager:220 - loadIPPluginJar : add gpio
2025-03-21 11:10:55,363 [INFO] IPUIPlugin:80 - create IPUIPlugin
2025-03-21 11:10:55,363 [INFO] PluginManager:220 - loadIPPluginJar : add gtzc
2025-03-21 11:10:55,365 [INFO] IPUIPlugin:80 - create IPUIPlugin
2025-03-21 11:10:55,365 [INFO] PluginManager:220 - loadIPPluginJar : add hash
2025-03-21 11:10:55,367 [INFO] IPUIPlugin:80 - create IPUIPlugin
2025-03-21 11:10:55,367 [INFO] PluginManager:220 - loadIPPluginJar : add i2c
2025-03-21 11:10:55,369 [INFO] IPUIPlugin:80 - create IPUIPlugin
2025-03-21 11:10:55,369 [INFO] PluginManager:220 - loadIPPluginJar : add i2s
2025-03-21 11:10:55,372 [INFO] IPUIPlugin:80 - create IPUIPlugin
2025-03-21 11:10:55,372 [INFO] PluginManager:220 - loadIPPluginJar : add i3c
2025-03-21 11:10:55,374 [INFO] IPUIPlugin:80 - create IPUIPlugin
2025-03-21 11:10:55,374 [INFO] PluginManager:220 - loadIPPluginJar : add ipddr
2025-03-21 11:10:55,380 [INFO] IPUIPlugin:80 - create IPUIPlugin
2025-03-21 11:10:55,381 [INFO] PluginManager:220 - loadIPPluginJar : add linkedlist
2025-03-21 11:10:55,383 [INFO] IPUIPlugin:80 - create IPUIPlugin
2025-03-21 11:10:55,383 [INFO] PluginManager:220 - loadIPPluginJar : add lorawan
2025-03-21 11:10:55,385 [INFO] IPUIPlugin:80 - create IPUIPlugin
2025-03-21 11:10:55,385 [INFO] PluginManager:220 - loadIPPluginJar : add ltdc
2025-03-21 11:10:55,389 [INFO] IPUIPlugin:80 - create IPUIPlugin
2025-03-21 11:10:55,389 [INFO] PluginManager:220 - loadIPPluginJar : add mdma
2025-03-21 11:10:55,393 [INFO] IPUIPlugin:80 - create IPUIPlugin
2025-03-21 11:10:55,393 [INFO] PluginManager:220 - loadIPPluginJar : add nvic
2025-03-21 11:10:55,395 [INFO] IPUIPlugin:80 - create IPUIPlugin
2025-03-21 11:10:55,395 [INFO] PluginManager:220 - loadIPPluginJar : add opamp
2025-03-21 11:10:55,397 [INFO] IPUIPlugin:80 - create IPUIPlugin
2025-03-21 11:10:55,397 [INFO] PluginManager:220 - loadIPPluginJar : add openamp
2025-03-21 11:10:55,400 [INFO] IPUIPlugin:80 - create IPUIPlugin
2025-03-21 11:10:55,401 [INFO] PluginManager:220 - loadIPPluginJar : add pdm2pcm
2025-03-21 11:10:55,405 [INFO] IPUIPlugin:80 - create IPUIPlugin
2025-03-21 11:10:55,407 [INFO] PluginManager:220 - loadIPPluginJar : add plateformsettings
2025-03-21 11:10:55,408 [INFO] IPUIPlugin:80 - create IPUIPlugin
2025-03-21 11:10:55,408 [INFO] PluginManager:220 - loadIPPluginJar : add quadspi
2025-03-21 11:10:55,410 [INFO] IPUIPlugin:80 - create IPUIPlugin
2025-03-21 11:10:55,410 [INFO] PluginManager:220 - loadIPPluginJar : add radio
2025-03-21 11:10:55,413 [INFO] IPUIPlugin:80 - create IPUIPlugin
2025-03-21 11:10:55,413 [INFO] PluginManager:220 - loadIPPluginJar : add resmgrutility
2025-03-21 11:10:55,415 [INFO] IPUIPlugin:80 - create IPUIPlugin
2025-03-21 11:10:55,415 [INFO] PluginManager:220 - loadIPPluginJar : add sai
2025-03-21 11:10:55,417 [INFO] IPUIPlugin:80 - create IPUIPlugin
2025-03-21 11:10:55,417 [INFO] PluginManager:220 - loadIPPluginJar : add spi
2025-03-21 11:10:55,421 [INFO] IPUIPlugin:80 - create IPUIPlugin
2025-03-21 11:10:55,422 [INFO] PluginManager:220 - loadIPPluginJar : add stm32_wpan
2025-03-21 11:10:55,423 [INFO] IPUIPlugin:80 - create IPUIPlugin
2025-03-21 11:10:55,423 [INFO] PluginManager:220 - loadIPPluginJar : add tim
2025-03-21 11:10:55,425 [INFO] IPUIPlugin:80 - create IPUIPlugin
2025-03-21 11:10:55,425 [INFO] PluginManager:220 - loadIPPluginJar : add touchsensing
2025-03-21 11:10:55,426 [INFO] IPUIPlugin:80 - create IPUIPlugin
2025-03-21 11:10:55,426 [INFO] PluginManager:220 - loadIPPluginJar : add tracer_emb
2025-03-21 11:10:55,428 [INFO] IPUIPlugin:80 - create IPUIPlugin
2025-03-21 11:10:55,428 [INFO] PluginManager:220 - loadIPPluginJar : add ts
2025-03-21 11:10:55,429 [INFO] IPUIPlugin:80 - create IPUIPlugin
2025-03-21 11:10:55,429 [INFO] PluginManager:220 - loadIPPluginJar : add tsc
2025-03-21 11:10:55,430 [INFO] IPUIPlugin:80 - create IPUIPlugin
2025-03-21 11:10:55,430 [INFO] PluginManager:220 - loadIPPluginJar : add ucpd
2025-03-21 11:10:55,432 [INFO] IPUIPlugin:80 - create IPUIPlugin
2025-03-21 11:10:55,432 [INFO] PluginManager:220 - loadIPPluginJar : add usart
2025-03-21 11:10:55,434 [INFO] IPUIPlugin:80 - create IPUIPlugin
2025-03-21 11:10:55,434 [INFO] PluginManager:220 - loadIPPluginJar : add usbx
2025-03-21 11:10:55,546 [FATAL] Updater:351 - Updater called before beeing initialized
2025-03-21 11:10:55,565 [INFO] RulesReader:64 - Compatibility file has been processed (301 Rules)
2025-03-21 11:10:55,574 [INFO] RulesReader:64 - Compatibility file has been processed (301 Rules)
2025-03-21 11:10:55,579 [INFO] CADModel:165 - CPN selected for project level
2025-03-21 11:10:55,579 [INFO] CADModel:114 - Register for checkConnection events
2025-03-21 11:10:55,579 [FATAL] Updater:351 - Updater called before beeing initialized
2025-03-21 11:10:55,579 [ERROR] CADModel:125 - Updater not yet initialized, retry later 
2025-03-21 11:10:55,688 [FATAL] Updater:351 - Updater called before beeing initialized
2025-03-21 11:10:55,690 [INFO] CADModel:165 - CPN selected for project level
2025-03-21 11:10:55,690 [INFO] CADModel:114 - Register for checkConnection events
2025-03-21 11:10:55,691 [FATAL] Updater:351 - Updater called before beeing initialized
2025-03-21 11:10:55,691 [ERROR] CADModel:125 - Updater not yet initialized, retry later 
2025-03-21 11:10:55,693 [FATAL] Updater:351 - Updater called before beeing initialized
2025-03-21 11:10:55,769 [FATAL] Updater:351 - Updater called before beeing initialized
2025-03-21 11:10:55,772 [INFO] DbMcusAds:53 - JSON generation date=Thu Mar 06 09:54:21 EST 2025 (1741272861825)
2025-03-21 11:10:55,772 [FATAL] Updater:351 - Updater called before beeing initialized
2025-03-21 11:10:55,801 [WARN] DetailPanel:346 - Failed to get advertising image, set to default
2025-03-21 11:10:56,007 [FATAL] Updater:351 - Updater called before beeing initialized
2025-03-21 11:10:56,008 [FATAL] Updater:351 - Updater called before beeing initialized
2025-03-21 11:10:56,008 [FATAL] Updater:351 - Updater called before beeing initialized
2025-03-21 11:10:56,008 [WARN] DetailPanel:346 - Failed to get advertising image, set to default
2025-03-21 11:10:56,009 [FATAL] Updater:351 - Updater called before beeing initialized
2025-03-21 11:10:56,056 [ERROR] Updater:1198 - MainUpdater not yet initialized. External WinMGr cannot be set.
2025-03-21 11:10:56,059 [INFO] Updater:1134 - Updater Version found : 6.14.0
2025-03-21 11:10:56,079 [INFO] ApplicationProperties:184 - Using Application install path: C:\ST\STM32CubeIDE_1.16.0\STM32CubeIDE\plugins\com.st.stm32cube.common.mx_6.14.0.202502271554
2025-03-21 11:10:57,650 [ERROR] LogOutputStream:75 - [STDERR_REDIRECT] Mar 21, 2025 11:10:57 AM java.util.prefs.WindowsPreferences <init>
2025-03-21 11:10:57,651 [ERROR] LogOutputStream:75 - [STDERR_REDIRECT] WARNING: Could not open/create prefs root node Software\JavaSoft\Prefs at root 0xffffffff80000002. Windows RegCreateKeyEx(...) returned error code 5.
2025-03-21 11:10:57,651 [ERROR] LogOutputStream:75 - [STDERR_REDIRECT] 
2025-03-21 11:10:57,885 [INFO] MainUpdater:2872 - connection check result : 10
2025-03-21 11:10:57,886 [INFO] MainUpdater:289 - Updater Check For Update Now.
2025-03-21 11:10:57,886 [INFO] MicroXplorer:498 - Change Database Version : DB.6.0.140
2025-03-21 11:10:57,891 [INFO] McuFinderGlobals:63 - Set McuFinder mode to 2 (CubeIDE integrated)
2025-03-21 11:10:57,892 [INFO] UserAuth:486 - Internet connection configuration mode: 1
2025-03-21 11:10:57,911 [INFO] JxBrowserEngine:152 - Initiate JxBrowser Engine with user profile folder
2025-03-21 11:10:57,942 [WARN] MainUpdater:1193 - Updater busy. Cannot search thirdparties
2025-03-21 11:10:57,942 [INFO] ThirdPartyUpdaterWithRetryManager:96 - Updater plugin is busy. [1/15]
2025-03-21 11:10:58,055 [INFO] CheckServerUpdateThread:120 - End of CheckServer Thread
2025-03-21 11:11:05,486 [WARN] PackLoader:240 - Cannot read IP mode file for STMicroelectronics.FP-SNS-MOTENVWB1.1.4.0
2025-03-21 11:11:05,494 [WARN] PackLoader:240 - Cannot read IP mode file for STMicroelectronics.FP-ATR-ASTRA1.2.0.2
2025-03-21 11:11:05,495 [INFO] WebApp:169 - Instantiating new browser for Auth
2025-03-21 11:11:05,498 [WARN] PackLoader:240 - Cannot read IP mode file for STMicroelectronics.FP-ATR-ASTRA1.2.0.1
2025-03-21 11:11:05,506 [WARN] PackLoader:240 - Cannot read IP mode file for STMicroelectronics.X-CUBE-SMBUS.2.1.0
2025-03-21 11:11:05,530 [WARN] PackLoader:240 - Cannot read IP mode file for STMicroelectronics.X-CUBE-WB05N.1.1.0
2025-03-21 11:11:05,652 [WARN] PackLoader:240 - Cannot read IP mode file for STMicroelectronics.X-CUBE-AZRTOS-F7.1.1.0
2025-03-21 11:11:05,811 [WARN] PackLoader:240 - Cannot read IP mode file for STMicroelectronics.X-CUBE-MEMS1.11.0.0
2025-03-21 11:11:06,183 [WARN] PackLoader:240 - Cannot read IP mode file for STMicroelectronics.FP-SNS-FLIGHT1.5.0.2
2025-03-21 11:11:06,388 [WARN] PackLoader:240 - Cannot read IP mode file for STMicroelectronics.X-CUBE-DISPLAY.3.0.0
2025-03-21 11:11:06,545 [WARN] PackLoader:240 - Cannot read IP mode file for STMicroelectronics.X-CUBE-BLE1.7.0.0
2025-03-21 11:11:06,705 [WARN] PackLoader:240 - Cannot read IP mode file for STMicroelectronics.X-CUBE-NFC10.1.0.0
2025-03-21 11:11:06,911 [WARN] PackLoader:240 - Cannot read IP mode file for STMicroelectronics.X-CUBE-BLEMGR.4.0.0
2025-03-21 11:11:07,047 [WARN] PackLoader:240 - Cannot read IP mode file for STMicroelectronics.X-CUBE-BLEMGR.3.1.0
2025-03-21 11:11:07,182 [WARN] PackLoader:240 - Cannot read IP mode file for STMicroelectronics.X-CUBE-AI.10.0.0
2025-03-21 11:11:07,415 [WARN] PackLoader:240 - Cannot read IP mode file for STMicroelectronics.FP-SNS-SMARTAG2.1.2.0
2025-03-21 11:11:07,486 [WARN] PackLoader:240 - Cannot read IP mode file for STMicroelectronics.FP-SNS-FLIGHT1.5.1.0
2025-03-21 11:11:07,696 [WARN] PackLoader:240 - Cannot read IP mode file for STMicroelectronics.X-CUBE-MEMS1.11.1.0
2025-03-21 11:11:07,966 [INFO] LogOutputStream:77 - [STDOUT_REDIRECT] 1 : Invalid condition id : UX_CORESTACK_Condition cause : null
2025-03-21 11:11:07,966 [INFO] LogOutputStream:77 - [STDOUT_REDIRECT] 1 : Invalid condition id : UX_CORESTACK_Condition cause : null
2025-03-21 11:11:07,967 [INFO] LogOutputStream:77 - [STDOUT_REDIRECT] 1 : Invalid condition id : UX_CORESTACK_Condition cause : null
2025-03-21 11:11:07,968 [INFO] LogOutputStream:77 - [STDOUT_REDIRECT] 1 : Invalid condition id : UX_CORESTACK_Condition cause : null
2025-03-21 11:11:07,968 [INFO] LogOutputStream:77 - [STDOUT_REDIRECT] 1 : Invalid condition id : UX_CORESTACK_Condition cause : null
2025-03-21 11:11:07,970 [WARN] PackLoader:240 - Cannot read IP mode file for STMicroelectronics.X-CUBE-AZRTOS-WL.2.0.0
2025-03-21 11:11:08,078 [WARN] PackLoader:240 - Cannot read IP mode file for STMicroelectronics.FP-SNS-MOTENV1.5.0.0
2025-03-21 11:11:08,240 [WARN] PackLoader:240 - Cannot read IP mode file for wolfSSL.I-CUBE-wolfMQTT.1.19.0
2025-03-21 11:11:08,459 [WARN] PackLoader:240 - Cannot read IP mode file for WES.I-CUBE-Cesium.1.3.0
2025-03-21 11:11:08,633 [WARN] PackLoader:240 - Cannot read IP mode file for STMicroelectronics.X-CUBE-BLE2.3.3.0
2025-03-21 11:11:08,789 [WARN] PackLoader:240 - Cannot read IP mode file for STMicroelectronics.X-CUBE-NFC9.1.0.0
2025-03-21 11:11:08,885 [WARN] PackLoader:240 - Cannot read IP mode file for STMicroelectronics.X-CUBE-BLE1.7.1.0
2025-03-21 11:11:09,053 [WARN] PackLoader:240 - Cannot read IP mode file for STMicroelectronics.X-CUBE-TCPP.4.1.0
2025-03-21 11:11:09,313 [WARN] PackLoader:240 - Cannot read IP mode file for STMicroelectronics.X-CUBE-AZRTOS-G0.1.1.0
2025-03-21 11:11:09,381 [WARN] PackLoader:240 - Cannot read IP mode file for STMicroelectronics.X-CUBE-SAFEA1.1.2.2
2025-03-21 11:11:09,436 [WARN] PackLoader:240 - Cannot read IP mode file for STMicroelectronics.X-CUBE-NFC4.3.0.0
2025-03-21 11:11:09,503 [WARN] PackLoader:240 - Cannot read IP mode file for EmbeddedOffice.I-CUBE-FS-RTOS.1.0.1
2025-03-21 11:11:09,530 [WARN] PackLoader:240 - Cannot read IP mode file for STMicroelectronics.X-CUBE-TCPP.4.2.0
2025-03-21 11:11:10,057 [WARN] PackLoader:240 - Cannot read IP mode file for STMicroelectronics.FP-ATR-SIGFOX1.3.2.0
2025-03-21 11:11:10,135 [WARN] ConditionMgr:438 - getConditionDescription Invalid condition id : Cortex-A Device cause : null
2025-03-21 11:11:10,247 [WARN] ConditionMgr:1044 - genDependencies : Invalid condition id : Cortex-A Device cause : null
2025-03-21 11:11:10,248 [WARN] ConditionMgr:1044 - genDependencies : Invalid condition id : Cortex-A Device cause : null
2025-03-21 11:11:10,248 [WARN] ConditionMgr:1044 - genDependencies : Invalid condition id : Cortex-A Device cause : null
2025-03-21 11:11:10,302 [WARN] PackLoader:240 - Cannot read IP mode file for STMicroelectronics.X-CUBE-EEPRMA1.5.1.0
2025-03-21 11:11:10,400 [WARN] PackLoader:240 - Cannot read IP mode file for SEGGER.I-CUBE-embOS.1.3.1
2025-03-21 11:11:10,473 [WARN] PackLoader:240 - Cannot read IP mode file for STMicroelectronics.X-CUBE-ALGOBUILD.1.4.0
2025-03-21 11:11:10,562 [WARN] PackLoader:240 - Cannot read IP mode file for STMicroelectronics.X-CUBE-AI.9.1.0
2025-03-21 11:11:10,663 [WARN] PackLoader:240 - Cannot read IP mode file for STMicroelectronics.X-CUBE-GNSS1.6.0.0
2025-03-21 11:11:10,711 [WARN] PackLoader:240 - Cannot read IP mode file for STMicroelectronics.X-CUBE-AZRTOS-F4.1.1.0
2025-03-21 11:11:10,716 [WARN] PackLoader:240 - Cannot read IP mode file for STMicroelectronics.X-CUBE-FREERTOS.1.2.0
2025-03-21 11:11:10,737 [WARN] PackLoader:240 - Cannot read IP mode file for STMicroelectronics.X-CUBE-AZRTOS-L5.2.0.0
2025-03-21 11:11:10,743 [WARN] PackLoader:240 - Cannot read IP mode file for STMicroelectronics.X-CUBE-NFC6.3.1.0
2025-03-21 11:11:10,748 [WARN] PackLoader:240 - Cannot read IP mode file for STMicroelectronics.X-CUBE-AI.9.0.0
2025-03-21 11:11:10,750 [WARN] PackLoader:240 - Cannot read IP mode file for STMicroelectronics.X-CUBE-FREERTOS.1.3.0
2025-03-21 11:11:10,754 [WARN] PackLoader:240 - Cannot read IP mode file for STMicroelectronics.X-CUBE-NFC7.1.0.1
2025-03-21 11:11:10,781 [WARN] ConditionMgr:438 - getConditionDescription Invalid condition id : LAN8742 Phy interface Condition cause : null
2025-03-21 11:11:10,781 [WARN] PackLoader:240 - Cannot read IP mode file for STMicroelectronics.X-CUBE-AZRTOS-L4.2.0.0
2025-03-21 11:11:10,782 [WARN] ConditionMgr:1044 - genDependencies : Invalid condition id : LAN8742 Phy interface Condition cause : null
2025-03-21 11:11:10,782 [WARN] ConditionMgr:1044 - genDependencies : Invalid condition id : LAN8742 Phy interface Condition cause : null
2025-03-21 11:11:10,782 [WARN] ConditionMgr:1044 - genDependencies : Invalid condition id : LAN8742 Phy interface Condition cause : null
2025-03-21 11:11:10,788 [WARN] PackLoader:240 - Cannot read IP mode file for STMicroelectronics.X-CUBE-SFXS2LP1.4.0.0
2025-03-21 11:11:10,794 [WARN] PackLoader:240 - Cannot read IP mode file for STMicroelectronics.X-CUBE-IPS.3.0.0
2025-03-21 11:11:10,811 [WARN] ConditionMgr:438 - getConditionDescription Invalid condition id : UX DEVICE CLASS RTOS Condition cause : null
2025-03-21 11:11:10,811 [WARN] ConditionMgr:438 - getConditionDescription Invalid condition id : UX DEVICE CLASS RTOS Condition cause : null
2025-03-21 11:11:10,814 [WARN] PackLoader:240 - Cannot read IP mode file for STMicroelectronics.X-CUBE-AZRTOS-WB.2.0.0
2025-03-21 11:11:10,814 [WARN] ConditionMgr:1044 - genDependencies : Invalid condition id : UX DEVICE CLASS RTOS Condition cause : null
2025-03-21 11:11:10,814 [WARN] ConditionMgr:1044 - genDependencies : Invalid condition id : UX DEVICE CLASS RTOS Condition cause : null
2025-03-21 11:11:10,815 [WARN] ConditionMgr:1044 - genDependencies : Invalid condition id : UX DEVICE CLASS RTOS Condition cause : null
2025-03-21 11:11:10,815 [WARN] ConditionMgr:1044 - genDependencies : Invalid condition id : UX DEVICE CLASS RTOS Condition cause : null
2025-03-21 11:11:10,815 [WARN] ConditionMgr:1044 - genDependencies : Invalid condition id : UX DEVICE CLASS RTOS Condition cause : null
2025-03-21 11:11:10,821 [WARN] PackLoader:240 - Cannot read IP mode file for STMicroelectronics.X-CUBE-GNSS1.7.0.0
2025-03-21 11:11:10,828 [WARN] PackLoader:240 - Cannot read IP mode file for STMicroelectronics.X-CUBE-GNSS1.7.0.1
2025-03-21 11:11:10,833 [WARN] PackLoader:240 - Cannot read IP mode file for STMicroelectronics.X-CUBE-TOUCHGFX.4.25.0
2025-03-21 11:11:10,842 [WARN] PackLoader:240 - Cannot read IP mode file for STMicroelectronics.X-CUBE-SUBG2.5.0.0
2025-03-21 11:11:10,860 [WARN] PackLoader:240 - Cannot read IP mode file for STMicroelectronics.X-CUBE-AZRTOS-H7RS.1.1.0
2025-03-21 11:11:10,884 [WARN] PackLoader:240 - Cannot read IP mode file for Cesanta.I-CUBE-Mongoose.7.13.0
2025-03-21 11:11:10,900 [WARN] PackLoader:240 - Cannot read IP mode file for STMicroelectronics.X-CUBE-AZRTOS-G4.2.0.0
2025-03-21 11:11:10,907 [WARN] PackLoader:240 - Cannot read IP mode file for STMicroelectronics.X-CUBE-ISPU.2.0.0
2025-03-21 11:11:10,919 [WARN] PackLoader:240 - Cannot read IP mode file for STMicroelectronics.X-CUBE-IPS.3.1.0
2025-03-21 11:11:10,928 [WARN] PackLoader:240 - Cannot read IP mode file for STMicroelectronics.X-CUBE-ALS.1.0.2
2025-03-21 11:11:10,930 [WARN] PackLoader:240 - Cannot read IP mode file for STMicroelectronics.X-CUBE-TOUCHGFX.4.24.0
2025-03-21 11:11:10,933 [WARN] PackLoader:240 - Cannot read IP mode file for STMicroelectronics.X-CUBE-TOUCHGFX.4.24.2
2025-03-21 11:11:10,935 [WARN] PackLoader:240 - Cannot read IP mode file for STMicroelectronics.X-CUBE-TOUCHGFX.4.24.1
2025-03-21 11:11:10,940 [WARN] PackLoader:240 - Cannot read IP mode file for portGmbH.I-Cube-SoM-uGOAL.1.1.0
2025-03-21 11:11:10,952 [WARN] PackLoader:240 - Cannot read IP mode file for STMicroelectronics.X-CUBE-AZRTOS-H7RS.1.0.0
2025-03-21 11:11:10,957 [WARN] PackLoader:240 - Cannot read IP mode file for STMicroelectronics.FP-ATR-ASTRA1.2.0.0
2025-03-21 11:11:10,958 [INFO] ThirdParty:978 - Integrity check success = true
2025-03-21 11:11:10,958 [INFO] IntegrityCheckThread:100 - exiting critical section [integrity check]
2025-03-21 11:11:10,958 [INFO] IntegrityCheckThread:103 - End integrity checks thread
2025-03-21 11:11:11,224 [INFO] WebApp:463 - Apply proxy settings
2025-03-21 11:11:11,225 [INFO] WebApp:548 - Chromium requires no authentication
2025-03-21 11:11:11,413 [INFO] WebApp:491 - Direct internet connection detected
2025-03-21 11:11:12,167 [INFO] WebApp:894 - Register for checkConnection events
2025-03-21 11:11:12,168 [INFO] WebApp:463 - Apply proxy settings
2025-03-21 11:11:12,168 [INFO] WebApp:548 - Chromium requires no authentication
2025-03-21 11:11:12,169 [INFO] WebApp:491 - Direct internet connection detected
2025-03-21 11:11:14,763 [INFO] WebApp:191 - Connection restablished
2025-03-21 11:11:17,261 [INFO] WebApp:225 - Starting web application
2025-03-21 11:11:17,261 [INFO] WebApp:593 - Web application path used C:\ST\STM32CubeIDE_1.16.0\STM32CubeIDE\plugins\com.st.stm32cube.common.mx_6.14.0.202502271554\db\plugins\mcufinder\reactClient1\index.html
2025-03-21 11:11:17,562 [INFO] UserAuth:486 - Internet connection configuration mode: 1
2025-03-21 11:48:37,667 [ERROR] LogOutputStream:75 - [STDERR_REDIRECT] 
